1,2,3,4,5,6,7,8,9,10,11,12,13,14,15,16,17,18,19,20,21,22,23,24,25,26,27,28,29,30,31,32,33,34,35,36,37,38,39,40,41,42,43,44,45,46,47,48,49,50,51,52,53,54,55,56,57,58,59,60,61,62,63,64,65,66,67,68,69,70,71,72,73,74,75,76,77,78,79,80,81,82,83,84,85,86,87,88,89,90,91,92,93,94,95,96,97,98,99,100,101,102,103,104,105,106,107,108,109,110,111,112,113,114,115,116,117,118,119,120,121,122,123,124,125,126,127,128,129,130,131,132,133,134,135,136,137,138,139,140,141,142,143,144,145,146,147,148,149,150,151,152,153,154,155,156,157,158,159,160,161,162,163,164,165,166,167,168,169,170,171,172,173,174,175,176,177,178,179,180
 -2.743755, 4.477157, 3.9791632, -8.628703, -10.553641, 0.2633622, -14.78659, -10.218452, 3.193865, -0.25378537, -9.77792, 0.92416185, -5.674258, -8.748413, -0.39743748, -7.40766, -2.7006595, 5.3486466, -8.054094, -7.455544, 0.04309563, -5.3007627, -7.1730285, 0.17717093, -2.5809495, -0.05746084, 7.422025, -8.350976, -13.953407, 0.61291564, -11.310209, -14.542381, 3.7684734, -5.482722, -2.954445, 3.490746, -6.2871737, -7.201759, 1.7477672, -5.2959743, -7.824251, -0.8475474, -6.05733, -9.892841, 1.9393034, -0.6991069, -10.443508, -1.0103531, -10.702082, -13.962984, -0.7374141, -3.8881836, -7.513005, -3.1124623, -6.3446345, -8.121132, -1.3263878, 0.90979666, 3.3183637, 8.652645, 1.0965444, 2.585738, 9.088389, 0.79966336, 2.4420857, 9.725247, 0.4165911, 3.1986535, 9.643845, 0.79966336, 3.289633, 9.821015, -0.7661445, -6.813898, -8.858546, -28.730421, 18.181568, 26.877308, 3.4715924, -17.774553, -8.825027, -3.0214825, -15.557523, -3.4859576, -1.4652514, -2.480393, -9.935937, -3.145981, 0.29209262, 4.5920787, 1.163582, -11.559206, -17.204733, 1.163582, -11.559206, -17.204733, -30.44467, 14.84405, -4.1659107, 6.751649, -10.16578, -1.9632454, 1.1971009, 4.6016555, 8.78672, -1.8531121, -5.0134583, -3.1986535, -13.958196, 23.171083, 11.45865, -13.584701, 13.699622, 20.642807, -55.535904, 9.3421755, -52.31331, 2.6144683, 0.08619126, 9.232041, 0.63206923, 1.6807296, 10.228029, -0.48841715, 4.3526587, 8.801085, -0.6512229, 2.8538885, 10.477027, -0.12449849, 2.6862943, 9.481039, 0.11492168, 3.7493198, 9.68694, -0.14844051, 4.122815, 8.805874, 0.2681506, 4.0653543, 9.059659, 0.40701428, 3.7110126, 9.040505, 0.20111294, 2.9592333, 9.23683, 3.2513258, 3.7014358, 8.939949, 0.59376204, 5.3438582, 8.082825, -0.21547815, 3.1172507, 9.581595, -0.07182605, 2.6431987, 9.739613, -0.17717093, 3.6391866, 8.911219, 0.22984336, 2.7868507, 9.485827, 0.90979666, 3.3183637, 8.652645, 1.0965444, 2.585738, 9.088389, 0.79966336, 2.4420857, 9.725247, 0.4165911, 3.1986535, 9.643845
 -3.3039982, 2.2744915, 5.4539914, -8.714894, -8.307879, 0.9576807, -22.395363, -5.209783, 24.147919, -5.185841, -8.829816, -1.70946, -9.77792, -12.713211, 0.05746084, -7.201759, -3.289633, 5.1666875, -7.5321584, -8.619126, -3.5625722, -6.4787097, -6.469133, 1.4317327, -2.6671407, -0.15322891, 3.8163576, -11.123461, -13.939042, 0.37828386, -8.173804, -15.069105, 2.873042, -4.2904096, -4.3718123, 0.5315128, -5.0757074, -7.5704656, -0.47884035, -5.1140146, -7.9966335, -0.05267244, -6.909666, -11.27669, 2.3463178, -6.3542113, -11.501745, -2.5570073, -12.35887, -12.23437, 2.5234885, -4.76925, -9.89763, 0.35434186, -5.8562174, -8.78672, -0.16280572, 0.7661445, 3.643975, 8.834604, 0.9576807, 2.456451, 9.662998, 0.8475474, 2.4181437, 9.481039, 0.41180268, 3.2130187, 9.504981, 0.9768343, 3.193865, 9.490616, -8.724471, 8.504205, 15.74427, 3.466804, 2.6479871, 4.7261543, -53.53914, 12.4785795, -10.500969, -37.93852, 25.718515, -11.798626, -14.911088, -5.3821654, -13.484144, -12.373235, -7.2352777, 1.5227122, -7.4124484, 8.12592, 6.411672, -7.4124484, 8.12592, 6.411672, 0.8283938, -15.682021, 0.8379706, -23.429657, 13.608643, -23.683443, -10.0029745, 3.145981, -6.1626754, -18.440142, 11.736377, -13.484144, 0.7757214, -16.318878, -7.9870567, 2.6048915, 2.858677, 4.357447, 1.4652514, 4.9703627, 5.8562174, 2.8299465, -0.4405331, 9.586384, 1.2162545, 1.8579005, 8.513782, -0.5793968, 4.0222588, 8.599973, -0.08619126, 2.5953147, 9.442732, -0.1388637, 2.6431987, 9.706094, 0.15801731, 3.8738184, 9.682152, -0.023942016, 3.9217024, 8.872911, 0.40222588, 3.9935284, 9.260772, 0.35913026, 3.6966474, 9.131485, -0.81881696, 3.2609026, 9.940725, 2.6288335, 3.8546648, 8.652645, 0.9720459, 5.1571107, 8.293514, -0.11971009, 3.1028855, 9.131485, -0.01436521, 2.753332, 9.514558, -0.076614454, 3.4572272, 8.6574335, 0.22026655, 2.7389667, 9.461885, 0.7661445, 3.643975, 8.834604, 0.9576807, 2.456451, 9.662998, 0.8475474, 2.4181437, 9.481039, 0.41180268, 3.2130187, 9.504981
 -5.9759274, 2.1068976, 5.21936, -6.6175733, -8.983045, 0.41180268, -9.950302, -5.291186, 5.841852, -7.9487495, -10.7356, -4.4675803, -11.765107, -13.144167, -1.5610195, -8.197746, -3.3327289, 3.6487634, -7.599196, -6.2823853, -3.5673606, -7.3789296, -8.66701, 2.6527755, -5.0421886, -2.2457612, 2.0111294, -12.521675, -12.109872, -0.48362875, -7.651869, -13.532028, 3.4332852, -4.735731, -8.015787, 0.59855044, -4.654328, -7.6231384, -0.24899697, -6.1195793, -7.8146744, -0.18674773, -7.991845, -7.9343843, 3.4141316, -8.413225, -9.643845, -1.2306197, -8.973468, -12.047623, -0.51235914, -7.1826053, -11.750742, 2.4708161, -6.703765, -7.9008656, 0.7422025, 0.5554548, 3.394978, 9.595961, 0.9911995, 2.3415294, 9.993398, 0.91458505, 2.456451, 9.323022, 0.5650316, 3.1747115, 9.346964, 0.6560113, 3.4524388, 9.112331, -5.3438582, 5.056554, 5.8801594, -6.349423, -3.6152446, -6.421249, 7.795521, 4.4340615, 9.289502, 6.847417, 6.3302693, 6.4260373, 1.1013328, 11.353305, -0.47884035, -7.2352777, -8.944737, -6.7708025, -5.2385135, 5.023035, 1.091756, -5.2385135, 5.023035, 1.091756, -36.80367, -12.588713, -21.65316, 3.7301662, 4.5394063, 6.3446345, -1.0534488, -8.274361, -7.3549876, -3.5529952, 7.8912888, 3.5913026, -19.464859, 11.899182, -5.544971, -22.653936, 9.653421, 0.33039984, -39.303215, 34.70156, -13.024457, 2.456451, 0.0047884034, 9.581595, 0.9672575, 1.7046716, 9.935937, -1.6424223, 3.6248214, 9.849746, -0.79487497, 3.3614593, 8.939949, -0.63206923, 3.3423057, 9.41879, 0.39264908, 3.8402996, 9.074024, 0.11971009, 3.916914, 8.99741, 0.45489833, 3.8498764, 9.332599, 0.34476504, 3.6487634, 9.179369, -0.842759, 3.217807, 9.41879, 3.122039, 3.8307228, 8.360553, 0.033518825, 5.544971, 7.9631147, -0.37349546, 3.1555579, 9.251195, -0.11971009, 2.7581203, 9.543288, -0.062249243, 3.4284968, 8.528147, 0.35913026, 2.7341783, 9.275137, 0.5554548, 3.394978, 9.595961, 0.9911995, 2.3415294, 9.993398, 0.91458505, 2.456451, 9.323022, 0.5650316, 3.1747115, 9.346964
 -4.2281604, -0.08619126, 7.589619, -4.606444, -8.614338, 0.7757214, -4.1611223, -3.4620156, 1.8674773, -1.6280571, 5.473145, 8.121132, -13.115437, -11.784261, -0.6943185, -6.8282633, -3.8881836, 2.7581203, -8.231265, -6.129156, -3.064578, -6.540959, -9.184157, -0.25857377, -7.005434, -6.0381765, 6.991069, -8.839393, -9.409213, -0.22505496, -6.8569937, -11.142614, 2.4277205, -7.9104424, -13.488933, 1.7717092, -5.2049947, -8.130709, -0.62249243, -7.800309, -8.78672, -0.0047884034, -7.2352777, -7.153875, 2.7150247, -8.111555, -7.9391727, -0.10055647, -7.28795, -11.013328, 0.009576807, -10.831368, -12.464214, 1.8004397, -7.3071036, -10.998962, -0.6560113, 0.521936, 3.6008794, 9.289502, 1.0869676, 2.2936451, 9.974244, 0.82360536, 2.5474305, 9.337387, 0.59855044, 3.1747115, 9.169792, 0.92416185, 3.4715924, 9.011775, 1.3790601, -10.127473, -7.469909, -8.020576, -2.2122424, -9.074024, -41.467575, 20.805613, 34.91225, -29.290663, 21.701044, 9.648633, -3.064578, 12.832921, 3.1124623, -5.4779334, 12.876017, 6.540959, -0.6655881, -12.583924, 0.90021986, -0.6655881, -12.583924, 0.90021986, -9.112331, 10.91756, -3.3135753, -29.36249, 28.888437, -9.615114, -12.282255, 16.381128, -3.739743, -9.792285, 16.098612, -10.0748005, 7.062895, 2.006341, 3.6535518, 0.36391866, -17.520767, -6.6415157, -4.8698063, -12.473791, -8.853758, 1.9871874, 0.7230489, 9.414001, 0.80445176, 1.9249382, 9.677363, -1.5993267, 3.4237084, 9.054871, -0.49320555, 4.0892963, 9.255983, 0.33997664, 2.6431987, 8.37013, 0.31603462, 3.8259344, 9.011775, 0.19153613, 3.8642416, 9.088389, 0.38307226, 3.7732618, 9.399636, 0.33039984, 3.8259344, 9.054871, -0.5410896, 3.2944214, 9.174581, 2.5809495, 4.156334, 8.939949, 0.6943185, 5.281609, 8.456321, -0.22026655, 2.9592333, 9.299079, -0.2681506, 2.7150247, 9.394848, -0.272939, 3.3997664, 9.14585, 0.3878607, 2.801216, 9.246407, 0.521936, 3.6008794, 9.289502, 1.0869676, 2.2936451, 9.974244, 0.82360536, 2.5474305, 9.337387, 0.59855044, 3.1747115, 9.169792
 -5.770026, -2.60968, -1.3599066, -2.552219, -8.0684595, 0.17238252, -3.5625722, -3.1507695, 2.111686, -1.4030021, 5.386954, 7.9631147, -10.170568, -10.697293, -2.0159178, -11.362882, -4.1659107, 6.3350577, -10.951078, -8.839393, -2.5953147, -9.198523, -4.711789, 0.7278373, -9.600749, -7.699753, 5.5737014, -5.9567738, -9.56723, -2.6862943, -3.8738184, -10.323798, 2.4995465, -13.326127, -12.354081, 2.1499932, -6.411672, -8.815451, -1.2162545, -7.4028716, -10.041282, 2.3894134, -5.7604494, -8.049306, 1.4556746, -5.4779334, -8.882488, -4.3287168, -5.3103395, -9.691729, 1.6519991, -14.207192, -8.762778, 2.456451, -6.6606693, -5.2720323, 0.272939, 0.94810385, 3.3614593, 9.457097, 1.0534488, 2.3319526, 9.773131, 1.0390835, 2.4995465, 9.323022, 0.62249243, 3.145981, 9.078813, 0.63206923, 3.5051112, 9.246407, -42.76044, 15.586253, -1.5993267, 3.9264908, 8.719683, 3.8115692, 2.8538885, -17.017986, -3.2321723, 8.240842, -16.941372, -0.02873042, -0.7374141, -7.97748, -10.189722, -0.19632454, 1.5275006, 12.014104, -22.18946, 5.2145715, -10.740389, -22.18946, 5.2145715, -10.740389, -34.663254, 8.394072, -21.049822, -3.7014358, -11.286267, 1.5514427, -3.41892, 7.192182, 8.465898, 7.1155677, -0.6751649, 3.8259344, -33.92584, 39.01591, 28.155811, -7.5800424, 15.361198, 5.947197, -45.68137, 21.150377, -25.617958, 1.2114661, 1.4891934, 9.667787, 0.5410896, 2.3080103, 9.701305, -1.2785037, 3.265691, 9.097966, 0.32561144, 4.050989, 8.202535, 0.2633622, 1.6280571, 10.232818, 0.25378537, 3.9360676, 9.074024, 0.17238252, 3.8881836, 9.255983, 0.45489833, 3.7684734, 8.987833, 0.047884032, 3.8498764, 9.284714, -0.5267244, 3.5290532, 8.461109, 2.825158, 4.1515455, 8.576031, 0.62249243, 5.2002063, 8.2169, -0.4405331, 3.0214825, 9.476251, -0.31603462, 2.7820623, 9.490616, -0.110133275, 3.3039982, 9.68694, 0.45010993, 2.681506, 9.595961, 0.94810385, 3.3614593, 9.457097, 1.0534488, 2.3319526, 9.773131, 1.0390835, 2.4995465, 9.323022, 0.62249243, 3.145981, 9.078813
 -7.2209125, -8.868123, 6.2871737, -2.0254946, -9.433155, -1.910573, -9.241618, -4.8745947, 3.8738184, -0.89064306, 5.631162, 7.383718, -9.385271, -9.160215, -3.0358477, -6.7085533, -4.3287168, 0.9720459, -11.51611, -12.349293, -3.6583402, -10.7356, -11.535264, 2.5234885, -8.963891, -8.288726, 8.465898, -8.303091, -11.147403, -1.3551182, -2.4037786, -8.350976, 2.1739352, -13.330915, -8.221688, 2.8107927, -7.2831616, -11.75553, -1.6232687, -7.07726, -6.4787097, 3.2800562, -4.5202527, -8.676587, 1.2689269, -8.178593, -9.289502, -4.003105, -2.3942018, -8.470686, 0.18195933, -9.701305, -8.336611, -0.076614454, -9.160215, -8.111555, -0.78050977, 0.866701, 3.3614593, 9.11712, 0.82360536, 2.4037786, 9.639056, 1.13964, 2.3223755, 9.385271, 0.60812724, 3.0885203, 9.11712, 1.115698, 3.241749, 9.356541, 6.3542113, 6.435614, 6.373365, -11.061212, 22.543802, 6.766014, -55.526325, 22.94124, -10.472239, -37.799656, 27.844566, 10.524911, -13.311762, 13.79539, -10.692505, -9.662998, 0.9576807, -2.2601264, 0.44532153, 10.093954, 4.5394063, 0.44532153, 10.093954, 4.5394063, 1.3455414, -4.189853, -8.087613, -17.81286, -3.1890767, -11.712435, -4.9224787, 1.7621324, 0.009576807, -11.96622, -1.4891934, -4.5441947, -0.1340753, -11.908759, -2.2984335, 2.6623523, 1.9201498, -0.6991069, 3.064578, 4.745308, 4.7644615, 0.1436521, 2.2266076, 9.634268, 0.7613561, 2.6671407, 9.083601, -1.460463, 3.3327289, 9.203311, 2.4708161, 2.2744915, 9.222465, 0.45968673, 1.5514427, 9.548077, 0.2873042, 3.8786068, 9.155427, 0.29688102, 3.964798, 9.212888, 0.48841715, 3.715801, 8.939949, -0.12449849, 3.9264908, 9.533711, -0.1388637, 2.9783869, 8.892065, 1.2737153, 5.0517654, 8.738836, 0.29209262, 5.2959743, 8.082825, -0.33997664, 2.633622, 8.686164, -0.34476504, 2.753332, 9.433155, -0.019153614, 3.0358477, 9.940725, 0.45489833, 2.6479871, 9.528923, 0.866701, 3.3614593, 9.11712, 0.82360536, 2.4037786, 9.639056, 1.13964, 2.3223755, 9.385271, 0.60812724, 3.0885203, 9.11712
 -14.78659, -10.218452, 3.193865, -0.25378537, -9.77792, 0.92416185, -11.880029, -6.469133, 2.0207062, -1.13964, 5.6359506, 8.647857, -8.274361, -7.929596, -1.4317327, -8.63828, -5.2480903, 3.2225955, -8.413225, -7.297527, 1.2018893, -3.8881836, -9.5385, 0.7517793, -9.749189, -9.739613, 5.717354, -8.647857, -7.6135616, -1.9153614, -2.8634653, -10.649409, -2.7724855, -8.604761, -7.6949644, -0.40222588, -7.503428, -6.6989765, 0.9576807, -7.666234, -6.5505357, 2.2888567, -4.4963107, -8.6095495, -0.090979666, -6.9527617, -11.779472, -4.027047, -3.169923, -7.240066, 1.0390835, -6.775591, -10.371682, -1.5705963, -8.475474, -11.224017, -0.19153613, 1.067814, 2.4947581, 10.242394, 0.9768343, 2.3942018, 9.701305, 1.0582372, 2.2361844, 9.504981, 0.6464345, 2.920926, 9.409213, 0.9768343, 3.4476504, 9.078813, -20.159178, 5.3582234, -1.8435353, 0.047884032, -14.178462, -8.231265, 3.916914, 6.2488666, 7.5561004, 0.9624691, 5.6551046, 20.748152, 3.1651347, 4.9081135, 1.70946, -3.7493198, -4.8985367, -5.0374002, -33.059135, 35.98964, -11.281479, -33.059135, 35.98964, -11.281479, -4.8602295, 8.451532, 15.093047, 0.6607997, 7.9726915, 5.2241483, -8.916007, 0.5267244, -7.192182, -7.0964136, 17.798496, -9.548077, -53.927, 32.84366, -13.441049, -7.015011, 0.79008657, 0.1436521, -22.88378, 41.17548, 10.759542, -1.4173675, 4.357447, 10.390836, 0.31124622, 2.815581, 9.629479, -1.3072342, 3.3327289, 9.241618, 1.6232687, 3.2273839, 9.088389, -0.062249243, 1.8339585, 9.548077, 0.31603462, 3.7924154, 9.203311, 0.2681506, 3.98874, 9.155427, 0.33997664, 3.7253778, 9.150639, -0.033518825, 3.8833952, 9.3182335, -0.019153614, 2.896984, 8.896853, 1.0869676, 5.0996494, 8.12592, 0.6703765, 5.0996494, 8.743625, 0.18195933, 2.384625, 9.615114, -0.34955344, 2.896984, 9.289502, -0.01436521, 2.992752, 9.792285, 0.37349546, 2.7724855, 9.490616, 1.067814, 2.4947581, 10.242394, 0.9768343, 2.3942018, 9.701305, 1.0582372, 2.2361844, 9.504981, 0.6464345, 2.920926, 9.409213
 -22.395363, -5.209783, 24.147919, -5.185841, -8.829816, -1.70946, -11.540052, -6.6079965, -0.35434186, -0.15801731, 5.995081, 8.719683, -8.51857, -6.83784, -3.4237084, -5.865794, -6.8761473, 0.3878607, -8.24563, -10.529699, -0.18195933, -0.46926352, -7.374141, 0.7326257, -8.585608, -10.91756, -3.1603463, -6.7229185, -4.984728, -2.3989902, -1.0869676, -9.77792, -2.3558946, -5.497087, -8.101978, -1.8195933, -7.8050976, -5.1523223, -0.8379706, -7.321469, -9.888053, -0.7757214, -5.233725, -10.572795, -1.9153614, -8.992621, -3.9073372, -0.7757214, 0.2825158, -8.327033, 0.24420857, -9.504981, -9.998186, -0.009576807, -9.275137, -7.4268136, 1.5227122, 0.9768343, 2.4708161, 9.442732, 1.067814, 2.3175871, 9.763555, 1.1109096, 2.2888567, 9.409213, 0.7565677, 2.9592333, 9.634268, 1.0630256, 3.1747115, 9.428367, -1.541866, -16.170439, -7.6375036, -48.693275, 21.504719, -19.871874, -50.876785, 29.266722, 20.791248, -13.752295, -4.0414124, -7.1107793, -14.250289, 29.84133, 5.0134583, 0.80924016, 12.224793, 10.994174, -6.679823, -19.172768, -1.8435353, -6.679823, -19.172768, -1.8435353, -0.36391866, -1.7812861, 1.9488802, -18.607735, 37.138855, -4.2042184, 0.866701, 10.606314, 3.394978, 1.4556746, 6.4643445, 7.642292, 3.6296098, 5.0613422, 6.8091097, -1.2689269, -21.538239, -3.1124623, -4.4963107, -17.0946, -8.0684595, 0.8858546, 4.7979803, 7.656657, -0.63206923, 3.4955344, 8.901642, -1.436521, 3.3375173, 9.040505, 0.4405331, 3.8259344, 8.963891, 0.0, 2.0111294, 9.667787, 0.4261679, 3.6727054, 8.935161, 0.21068975, 3.9839516, 9.050082, 0.30645782, 3.6966474, 9.217676, 0.11971009, 3.9312792, 9.155427, -0.090979666, 2.3942018, 9.404425, 0.8858546, 5.1523223, 8.101978, 0.33997664, 5.171476, 8.485051, 0.15801731, 2.5378537, 9.629479, -0.10055647, 2.6910827, 9.308656, 0.10534488, 3.0693667, 9.217676, 0.25378537, 2.7724855, 9.44752, 0.9768343, 2.4708161, 9.442732, 1.067814, 2.3175871, 9.763555, 1.1109096, 2.2888567, 9.409213, 0.7565677, 2.9592333, 9.634268
 -9.950302, -5.291186, 5.841852, -7.9487495, -10.7356, -4.4675803, -10.658986, -7.9391727, -3.466804, -2.5091233, 6.5265937, 8.350976, -11.056423, -5.568913, -2.657564, -6.679823, -7.603985, 1.1492168, -7.326257, -15.078682, 0.79008657, -13.115437, -14.197616, -0.7661445, -11.080365, -8.901642, -2.0494366, -6.7803793, -9.744401, -5.0996494, -2.4468741, -11.640609, -5.133168, -5.568913, -7.5321584, -0.08140286, -7.905654, -9.155427, -2.9352913, -9.811439, -8.925584, 0.5746084, -4.429273, -9.423578, -0.9672575, -5.267244, -8.796297, -5.439626, -2.7246015, -7.1634517, -0.8714894, -10.524911, -5.5401826, 0.51235914, -5.9280434, -8.662222, 0.3878607, 0.7326257, 2.6384103, 9.284714, 1.163582, 2.1787236, 9.782708, 1.0726024, 2.3654714, 9.380483, 0.80924016, 2.9831753, 9.615114, 0.5267244, 3.4237084, 9.14585, -17.999609, 13.67568, -5.899313, 6.4547677, 6.0046577, 6.823475, 0.12449849, -14.848839, -2.6671407, 1.1444284, -9.093178, -12.847286, -4.6351743, -9.993398, -6.813898, 2.15957, 2.954445, 8.279149, -52.54315, 10.376471, -37.34955, -52.54315, 10.376471, -37.34955, 8.221688, 13.709199, 17.879898, -3.8067808, -13.383588, -7.345411, -6.50744, 21.662737, 1.910573, -0.062249243, 5.81791, -2.6240451, -42.10443, 29.199684, 12.53604, -32.920273, 15.02601, -2.8538885, -23.372196, 10.6158905, -18.095377, 0.47405192, 4.9416323, 8.63828, -1.5275006, 4.462792, 8.590396, -1.2689269, 3.2752678, 9.299079, 0.545878, 3.9743748, 8.954314, 0.14844051, 1.9680338, 9.552865, 0.5267244, 3.5194764, 8.939949, 0.16759412, 3.9073372, 8.896853, 0.46926352, 3.667917, 9.064447, 0.2873042, 3.9217024, 8.992621, 0.30166942, 2.2649148, 9.763555, 0.56982, 5.0900726, 8.604761, 0.25857377, 5.2385135, 8.595184, -0.41180268, 2.7006595, 9.792285, -0.15322891, 2.7150247, 9.3182335, 0.30166942, 3.2130187, 9.509769, 0.23942018, 2.7629087, 9.600749, 0.7326257, 2.6384103, 9.284714, 1.163582, 2.1787236, 9.782708, 1.0726024, 2.3654714, 9.380483, 0.80924016, 2.9831753, 9.615114
 -4.1611223, -3.4620156, 1.8674773, -1.6280571, 5.473145, 8.121132, -8.082825, -11.391612, -0.521936, -0.24899697, 3.6056678, 11.300632, -12.138602, -7.9583263, -2.5617957, -6.9048777, -8.0924015, 1.2162545, -9.155427, -9.868899, -1.0821792, -10.352529, -8.647857, -2.9879637, -12.89517, -8.259995, -4.261679, -11.870452, -13.110648, -0.8810662, -3.4524388, -10.041282, -5.243302, -5.861006, -8.336611, 0.11971009, -9.361329, -9.581595, 0.29688102, -7.2448545, -9.035717, 2.2601264, -4.8458643, -7.6375036, -1.5658079, -10.553641, -11.003751, -3.217807, -6.181829, -10.539276, -7.216124, -7.8386164, -5.133168, -2.3894134, -4.280833, -8.647857, 0.05746084, 0.90021986, 2.5330653, 9.5385, 1.0390835, 2.2457612, 9.68694, 1.115698, 2.5187001, 9.313444, 0.6560113, 3.0597897, 9.428367, 0.31124622, 3.4284968, 9.346964, -15.160085, 10.295067, 1.115698, -27.471071, 12.694057, 6.7947445, -39.791634, 17.027563, -23.24291, -5.4539914, 15.86398, 1.5370775, -27.432762, 23.93723, -19.25417, -3.6056678, 1.5131354, 2.3942018, 6.0956373, 9.935937, 10.204087, 6.0956373, 9.935937, 10.204087, -7.7667904, -6.8522053, -6.9527617, -26.882097, 15.859192, -18.818426, -0.60812724, -11.104307, -7.7332716, 0.8331822, -9.672575, -5.616797, 5.056554, -15.825673, -5.6790466, 0.5650316, 3.098097, 9.26556, 3.6631286, 6.2871737, 4.630386, 0.24899697, 4.7740383, 8.341399, -0.6799533, 4.189853, 8.5473, -1.412579, 3.4955344, 9.069236, 0.34955344, 3.596091, 9.476251, 0.0, 2.0111294, 9.921572, 0.7134721, 3.466804, 8.887277, 0.18195933, 3.8738184, 8.853758, 0.5267244, 3.6870706, 8.829816, 0.25378537, 3.8307228, 8.911219, -0.61770403, 2.873042, 10.34774, -0.08619126, 5.5880666, 8.010999, 0.10055647, 5.3965306, 8.1881695, 0.31603462, 2.3798366, 9.595961, -0.15322891, 2.60968, 9.184157, 0.521936, 2.9879637, 9.643845, 0.18195933, 2.767697, 9.619903, 0.90021986, 2.5330653, 9.5385, 1.0390835, 2.2457612, 9.68694, 1.115698, 2.5187001, 9.313444, 0.6560113, 3.0597897, 9.428367
 -3.5625722, -3.1507695, 2.111686, -1.4030021, 5.386954, 7.9631147, -2.2361844, -8.595184, 1.4269443, -0.07182605, 3.8498764, 7.8625584, -10.486604, -8.09719, 0.8858546, -7.551312, -7.9104424, -0.01436521, -8.7292595, -7.728483, 0.37349546, -9.390059, -9.241618, 4.596867, -8.058883, -6.3925185, -1.3311762, -10.960655, -15.547946, 2.078167, -4.0653543, -11.463438, -2.1212628, -7.819463, -7.3310456, -0.10534488, -9.404425, -8.48984, 2.528277, -5.2289367, -7.8146744, 1.5179238, -4.7548847, -6.861782, -3.3087866, -10.424355, -12.751518, 0.51714754, -7.445967, -16.385916, -5.2863975, -7.302315, -9.634268, -4.697424, -4.3478703, -7.469909, -0.8331822, 0.92895025, 2.4995465, 9.337387, 0.866701, 2.384625, 9.701305, 1.0055647, 2.4516625, 9.548077, 0.62249243, 3.169923, 9.23683, 1.0199299, 2.9161377, 9.821015, -1.3599066, -10.960655, 1.4796166, 2.4899697, -8.695741, 0.17238252, 3.3854012, 5.1906295, 5.7269306, 0.38307226, 5.1571107, 0.5793968, 2.135628, 9.715671, 2.542642, -2.1643584, -5.6215854, -4.3622355, -42.774807, 27.744009, -7.920019, -42.774807, 27.744009, -7.920019, -2.4756045, 8.973468, 35.529953, 0.45010993, 5.109226, 2.9783869, -21.073763, 21.088129, -16.591818, -2.5139117, 14.628572, -4.606444, -25.349808, 27.724855, -2.384625, -11.918336, -13.359646, -9.32781, -41.611225, 52.562305, 1.2354081, -0.0047884034, 4.0940847, 8.939949, -1.2641385, 4.7165775, 8.599973, -1.067814, 3.1651347, 9.313444, -0.48841715, 3.6343982, 9.591172, -0.11971009, 2.1308396, 9.610326, 0.80445176, 3.442862, 9.021352, 0.095768064, 3.9217024, 8.901642, 0.39264908, 3.8498764, 8.892065, 0.16280572, 3.8642416, 9.222465, -0.14844051, 2.408567, 9.782708, 0.033518825, 5.415684, 8.073248, -0.2873042, 5.4300494, 8.111555, 0.17717093, 2.2170308, 9.89763, 0.038307227, 2.5091233, 9.016563, 0.24899697, 2.8538885, 9.595961, 0.06703765, 2.7868507, 9.605537, 0.92895025, 2.4995465, 9.337387, 0.866701, 2.384625, 9.701305, 1.0055647, 2.4516625, 9.548077, 0.62249243, 3.169923, 9.23683
 -9.241618, -4.8745947, 3.8738184, -0.89064306, 5.631162, 7.383718, -4.501099, -7.795521, -2.384625, 0.023942016, 3.9600096, 7.455544, -9.41879, -9.605537, 0.9528923, -7.690176, -7.9726915, -2.2601264, -6.799533, -7.73806, -0.91937345, -10.362105, -11.113884, 5.66947, -6.9288197, -4.357447, -1.8291701, -5.6215854, -13.713987, 3.0023289, -6.3350577, -12.899959, -0.01436521, -7.086837, -7.297527, -1.5514427, -6.9383965, -8.743625, 2.3415294, -3.466804, -8.346188, -0.0047884034, -5.5880666, -8.111555, -1.6089035, -7.4028716, -11.286267, 1.1731589, -12.176909, -13.781025, -0.5602432, -12.310986, -10.156203, -0.06703765, -4.582502, -8.250419, -0.8810662, 0.866701, 2.3558946, 9.854534, 0.7374141, 2.4133554, 9.706094, 0.8475474, 2.3175871, 9.950302, 0.6991069, 3.1364043, 9.126697, 0.81881696, 2.7581203, 9.481039, -8.839393, -9.835381, -12.421119, -5.741296, 11.123461, 8.283937, -35.23786, 43.205765, 15.777789, -3.2034419, -3.0071173, -1.7286136, -22.850262, 23.367409, 5.281609, -3.9839516, 14.369999, 0.7038953, 1.1348516, -16.903065, -1.6089035, 1.1348516, -16.903065, -1.6089035, 6.1770406, -3.9121256, 1.9488802, -16.989256, 33.743877, 1.934515, 1.6328455, 5.851429, 3.9791632, 0.24420857, 4.5872903, 4.8362875, 0.8475474, 5.4683566, 7.9487495, -6.5505357, -15.571888, -6.766014, -7.1059904, -15.26543, -5.3103395, 0.46447513, 2.882619, 9.002198, -1.6136919, 4.951209, 8.288726, -1.3503298, 3.289633, 9.279925, -0.15801731, 3.7732618, 8.925584, -0.22026655, 2.087744, 9.801862, 0.8475474, 3.3901896, 9.26556, -0.05267244, 3.9743748, 8.896853, 0.22984336, 3.9791632, 9.083601, 0.35913026, 3.6966474, 9.141062, 0.48362875, 2.6719291, 8.772355, 0.12928689, 5.2480903, 8.331821, 0.320823, 5.195418, 8.408437, -0.23463176, 3.0023289, 9.222465, 0.15801731, 2.5617957, 9.514558, 0.1340753, 2.7724855, 9.500193, 0.02873042, 2.8778305, 9.548077, 0.866701, 2.3558946, 9.854534, 0.7374141, 2.4133554, 9.706094, 0.8475474, 2.3175871, 9.950302, 0.6991069, 3.1364043, 9.126697
 -11.880029, -6.469133, 2.0207062, -1.13964, 5.6359506, 8.647857, -3.2130187, -11.923124, -3.8546648, -1.3503298, 4.486734, 8.288726, -9.581595, -13.934254, 0.05267244, -7.216124, -7.967903, -1.4030021, -3.7301662, -8.461109, 0.19632454, -8.528147, -8.192958, 1.9871874, -7.067683, -6.4978633, -5.023035, -3.9600096, -10.079589, -0.47884035, -7.1873937, -13.096283, -2.8491, -6.3206925, -7.1969705, -2.480393, -5.521029, -8.676587, 0.79008657, -3.4045548, -7.824251, -0.92895025, -5.48751, -10.955867, 0.5506664, -5.0278234, -10.448297, 0.25857377, -9.739613, -10.692505, -3.2752678, -8.48984, -11.434708, 2.1643584, -3.7972038, -9.308656, -2.1452048, 0.8331822, 2.360683, 9.461885, 0.8619126, 2.4181437, 9.615114, 0.7374141, 2.3223755, 10.127473, 0.6895301, 3.107674, 9.313444, 0.7469909, 3.5769374, 9.3182335, -14.135366, 14.982914, 4.5298295, 2.6862943, 6.5361705, 4.1515455, 0.20111294, -17.764977, -5.3582234, 4.185065, -10.601525, -9.23683, -3.5290532, -6.813898, -5.1379566, -4.5058875, 8.925584, -0.61770403, -42.37258, 23.951593, -13.570335, -42.37258, 23.951593, -13.570335, -1.115698, 11.631032, 22.711397, -1.5993267, -11.03727, -3.3135753, -17.717093, 34.54354, -12.770672, -4.663905, 10.635044, -6.191406, -13.144167, 7.627927, 2.0111294, -26.60437, 9.844957, 7.5944076, -18.53112, 8.99741, -16.180016, 1.1348516, 2.3319526, 9.749189, -1.6089035, 4.9416323, 8.154651, -1.3072342, 3.2848446, 9.083601, -0.92895025, 4.4963107, 8.987833, 0.062249243, 2.231396, 9.332599, 0.94331545, 3.347094, 9.481039, -0.02873042, 4.0940847, 8.930372, 0.38307226, 3.8881836, 8.887277, 0.4261679, 3.5865142, 9.246407, 0.2873042, 2.7581203, 9.246407, -0.2825158, 5.57849, 8.552089, 0.82360536, 4.831499, 8.781932, 0.14844051, 2.8778305, 9.600749, 0.24420857, 2.4851813, 9.959879, 0.25857377, 2.7341783, 9.399636, -0.02873042, 2.9496565, 9.380483, 0.8331822, 2.360683, 9.461885, 0.8619126, 2.4181437, 9.615114, 0.7374141, 2.3223755, 10.127473, 0.6895301, 3.107674, 9.313444
 -11.540052, -6.6079965, -0.35434186, -0.15801731, 5.995081, 8.719683, -1.8531121, -10.682928, 1.6041151, -0.08140286, 3.514688, 9.193734, -12.53604, -14.81532, 1.5849615, -6.445191, -8.882488, -1.7046716, 0.34476504, -7.848193, -2.087744, -4.280833, -10.041282, -1.5753847, -9.193734, -10.769119, -3.2848446, -4.333505, -8.796297, 0.18674773, -9.715671, -11.195287, -2.9831753, -8.604761, -10.103531, -1.3455414, -4.5154643, -9.409213, 1.0821792, -3.8355112, -7.61835, -2.078167, -6.7324953, -10.132261, 1.1204864, -5.6982, -9.351752, 0.25378537, -5.023035, -12.957419, -5.080496, -6.6893997, -11.57836, -0.94810385, -2.954445, -10.328587, -0.59376204, 0.6560113, 2.432509, 9.5385, 1.1348516, 2.2888567, 9.457097, 0.81402856, 2.327164, 9.868899, 0.6703765, 3.1364043, 9.423578, 1.0630256, 2.6862943, 9.844957, -17.372328, 14.743494, -2.9975405, 0.17238252, -3.7253778, -5.0996494, -26.958712, 18.330008, -10.740389, -11.286267, 18.018763, 2.801216, -44.63271, 29.276299, -21.341913, -0.076614454, -9.308656, -8.408437, 3.7588966, 7.7811556, 11.358093, 3.7588966, 7.7811556, 11.358093, -4.783615, 1.5753847, -5.1523223, -11.980585, -6.540959, -18.53591, -2.15957, -9.849746, -3.3806129, -1.8100165, -9.208099, -4.1515455, 6.766014, -12.832921, -7.680599, 0.49799395, 1.3790601, 19.622877, -0.8331822, 11.200075, 2.1164744, 1.5993267, 1.2258313, 9.734824, -1.733402, 4.735731, 8.7292595, -1.3503298, 3.2848446, 8.978256, -0.40222588, 4.6160207, 8.240842, -0.08140286, 2.303222, 9.56723, 1.0965444, 3.1794999, 9.428367, 0.06703765, 3.9312792, 9.141062, 0.36391866, 3.7828386, 9.030929, 0.5793968, 3.6343982, 9.093178, 0.06703765, 2.7964275, 9.552865, 0.11492168, 5.707777, 7.7093296, 0.062249243, 5.209783, 8.566454, 0.10534488, 2.801216, 9.581595, -0.01436521, 2.4229321, 9.998186, 0.58897364, 2.657564, 8.882488, 0.11971009, 2.8682537, 9.294291, 0.6560113, 2.432509, 9.5385, 1.1348516, 2.2888567, 9.457097, 0.81402856, 2.327164, 9.868899, 0.6703765, 3.1364043, 9.423578
 -10.658986, -7.9391727, -3.466804, -2.5091233, 6.5265937, 8.350976, -1.9728222, -9.351752, 1.1923125, 0.16759412, 4.175488, 8.259995, -10.697293, -13.326127, -0.45968673, -9.394848, -10.309433, -2.2888567, -1.2354081, -8.887277, -2.7581203, -2.2266076, -13.187263, -2.3223755, -7.881712, -10.414778, -0.9911995, -3.8019924, -8.513782, 0.15322891, -9.279925, -9.9790325, -2.705448, -8.882488, -10.79785, 0.110133275, -6.7947445, -8.796297, 0.08619126, -4.865018, -10.0269165, -1.4173675, -7.5321584, -9.222465, -1.2497733, -2.5953147, -9.107543, -0.56982, -8.001422, -13.081918, -5.683835, -6.919243, -10.802638, 1.2641385, -4.31914, -7.762002, 1.0869676, 0.7469909, 2.4516625, 9.519346, 1.1923125, 2.2601264, 9.409213, 0.90500826, 2.6048915, 9.380483, 0.63206923, 3.0789435, 9.404425, 0.79966336, 3.2130187, 9.14585, -4.8458643, -11.793838, -7.8625584, -13.584701, -2.078167, -10.457873, 2.4181437, 7.608773, 7.359776, -8.259995, 8.882488, -4.1371803, 2.3080103, 9.667787, 4.1419687, 0.2633622, -10.726024, -3.8115692, -25.000254, 17.525557, 5.233725, -25.000254, 17.525557, 5.233725, -1.7812861, 11.353305, 17.463306, -2.7820623, 8.197746, 3.8115692, -25.507826, 24.157495, -16.563087, -13.52724, 21.504719, -11.420342, -14.930242, 15.729905, 9.528923, -28.155811, -1.4221559, -7.8625584, -0.21547815, 13.417107, 4.9224787, 0.62728083, 2.5330653, 9.749189, -1.5562311, 4.5202527, 8.336611, -1.340753, 3.1842883, 9.193734, -0.10055647, 5.1906295, 7.991845, -0.16280572, 2.4660277, 9.270349, 1.1683705, 3.1316159, 9.097966, 0.08140286, 3.845088, 9.404425, 0.19632454, 3.8067808, 9.356541, 0.5315128, 3.6822822, 8.834604, -0.019153614, 2.657564, 9.337387, 0.32561144, 5.463568, 8.389283, 0.0, 5.2624555, 8.499416, -0.12449849, 2.882619, 9.586384, 0.11492168, 2.5139117, 9.68694, 0.5793968, 2.5617957, 8.020576, 0.08140286, 2.8203697, 9.390059, 0.7469909, 2.4516625, 9.519346, 1.1923125, 2.2601264, 9.409213, 0.90500826, 2.6048915, 9.380483, 0.63206923, 3.0789435, 9.404425
 -8.082825, -11.391612, -0.521936, -0.24899697, 3.6056678, 11.300632, -5.899313, -7.0581064, 0.7469909, -0.62728083, 4.7788267, 8.039729, -9.246407, -12.176909, 0.6751649, -10.0269165, -7.40766, -3.7588966, -1.3982137, -9.902418, -1.0247183, -7.819463, -10.036493, -3.4620156, -9.121908, -8.37013, -1.3263878, -3.1028855, -8.0684595, 0.4213795, -10.0508585, -9.375694, -0.8283938, -7.0102224, -7.517793, 2.3463178, -3.323152, -10.156203, 0.01436521, -3.9073372, -11.21444, 2.0159178, -7.1395097, -7.747637, -2.111686, -5.6982, -8.394072, -0.92416185, -5.8466406, -13.043611, -21.16953, -7.1347213, -9.964667, 1.0965444, -7.345411, -7.192182, -1.4891934, 0.93852705, 2.4181437, 9.533711, 1.0630256, 2.2888567, 9.466674, 0.8331822, 2.743755, 9.308656, 0.6751649, 3.0693667, 9.308656, 0.90979666, 3.1268275, 9.457097, -27.313053, -7.038953, -23.070528, 2.954445, 9.323022, 0.39264908, -16.74026, 38.953663, 13.637373, -13.455414, -6.8282633, -2.72939, -17.290924, 9.155427, -2.8874073, 7.3310456, 9.524135, 2.1883004, 4.074931, -13.838486, -1.316811, 4.074931, -13.838486, -1.316811, -0.9528923, -1.436521, 15.370775, -5.707777, 15.045163, 0.89064306, 1.6041151, 6.0142345, 2.6048915, 2.944868, 3.86903, 7.843405, 0.6943185, 2.1452048, 8.250419, 12.708423, -14.393941, -1.388637, -10.951078, -4.0797195, 2.255338, -0.15801731, 4.2760444, 8.6813755, -1.1540052, 3.9839516, 9.035717, -1.3838485, 3.4141316, 9.121908, 0.22026655, 5.0900726, 8.42759, -0.49320555, 2.5234885, 9.126697, 1.091756, 3.1986535, 8.99741, 0.272939, 3.8355112, 9.356541, 0.21068975, 3.7828386, 9.433155, 0.4213795, 3.7924154, 9.006987, -0.05746084, 2.7629087, 9.701305, 0.20590134, 5.497087, 8.418014, -0.047884032, 5.2528787, 8.485051, -0.023942016, 2.9161377, 9.323022, 0.20590134, 2.432509, 9.476251, 0.4405331, 2.3511062, 8.001422, 0.1436521, 2.8299465, 9.404425, 0.93852705, 2.4181437, 9.533711, 1.0630256, 2.2888567, 9.466674, 0.8331822, 2.743755, 9.308656, 0.6751649, 3.0693667, 9.308656
 -2.2361844, -8.595184, 1.4269443, -0.07182605, 3.8498764, 7.8625584, -6.679823, -7.4268136, -1.4221559, -1.316811, 5.12838, 7.9248075, -5.81791, -11.013328, -0.02873042, -7.9822683, -5.2768207, -1.3934253, -7.517793, -10.965444, -2.9735985, -8.90643, -9.854534, 0.047884032, -5.104438, -9.801862, -5.0661306, -2.1499932, -9.974244, -0.5506664, -11.999739, -9.830592, -1.8148049, -5.233725, -7.2113357, 1.9009962, -3.0933087, -7.4028716, 0.8714894, -6.555324, -9.059659, 2.2218192, -7.0102224, -6.349423, -1.7956513, -2.030283, -9.639056, -0.7517793, -16.007633, -9.639056, -9.346964, -5.722142, -9.749189, 1.0726024, -7.704541, -9.160215, -3.3518825, 0.866701, 2.3511062, 9.610326, 0.8379706, 2.336741, 9.682152, 0.5506664, 2.7724855, 9.481039, 0.59376204, 3.0310593, 9.495404, 0.6943185, 3.5194764, 8.710106, -9.32781, 17.391481, 6.4308257, -22.773647, 31.608252, 6.0621185, -2.7724855, -12.842498, -1.364695, 2.054225, 22.936453, -15.993267, -0.7374141, -4.3143516, -4.1419687, -15.844827, 25.469517, 20.06341, -37.4932, 15.26543, -26.020184, -37.4932, 15.26543, -26.020184, -45.868114, 19.761742, 12.339716, -5.1571107, -7.9391727, -8.815451, -17.731459, 31.12941, -7.5561004, -13.359646, 20.0682, -1.8195933, 0.023942016, -12.77546, -5.3247046, -37.210682, 25.670631, -9.006987, 11.530476, -12.421119, -13.158532, -0.17238252, 4.510676, 8.930372, -0.9864111, 3.8067808, 8.987833, -1.412579, 3.3279405, 9.313444, 1.067814, 4.295198, 8.197746, 0.272939, 2.2697031, 8.599973, 1.0295067, 3.1555579, 9.308656, 0.34476504, 3.7924154, 8.825027, 0.33997664, 3.739743, 9.160215, 0.31603462, 3.8355112, 9.193734, -0.33518824, 2.896984, 9.14585, 0.15322891, 5.5258174, 8.130709, 0.17717093, 5.094861, 8.236053, -0.20111294, 2.8778305, 9.662998, 0.076614454, 2.456451, 9.591172, 0.6512229, 2.1068976, 9.490616, 0.29209262, 2.753332, 9.385271, 0.866701, 2.3511062, 9.610326, 0.8379706, 2.336741, 9.682152, 0.5506664, 2.7724855, 9.481039, 0.59376204, 3.0310593, 9.495404
 -4.501099, -7.795521, -2.384625, 0.023942016, 3.9600096, 7.455544, -9.998186, -8.169016, -0.92416185, -0.58418524, 4.8458643, 9.121908, -2.8538885, -8.652645, 0.49320555, -7.762002, -7.881712, -2.1978772, -11.463438, -11.410766, -6.4260373, -8.331821, -12.545617, -0.7038953, -5.592855, -8.106767, -1.0342951, -1.0199299, -9.667787, 0.23942018, -10.462662, -7.85777, -0.47405192, -6.205771, -8.973468, 0.94810385, -4.256891, -7.5944076, -2.1308396, -8.604761, -8.714894, -1.7046716, -7.8146744, -6.1770406, -1.3072342, -1.1061212, -8.0924015, -0.56982, -15.773001, -15.437813, 1.2641385, -6.114791, -9.093178, 0.5506664, -6.4547677, -10.620679, 0.4405331, 0.7086837, 2.3989902, 9.739613, 0.79008657, 2.360683, 9.682152, 0.50757074, 2.6910827, 9.634268, 0.62249243, 3.0933087, 9.437943, 0.6895301, 3.2513258, 9.428367, -46.648624, 15.198392, -15.404294, 1.1779473, -11.286267, -1.7142484, -5.6551046, 9.356541, -8.901642, -5.645528, -0.22026655, -6.3781533, -16.151285, 18.83279, -3.442862, 3.9456444, -11.750742, -1.6950948, 4.6112323, 7.819463, -2.1499932, 4.6112323, 7.819463, -2.1499932, 8.030152, 2.8921957, 10.232818, -5.9184666, -8.710106, -13.029245, -0.22505496, -11.401189, -2.9113493, -2.3319526, -9.141062, -5.1379566, -4.759673, -15.452178, -8.595184, 1.4317327, 2.7389667, 7.920019, -8.762778, 10.6158905, -0.7757214, -0.41180268, 5.0374002, 8.350976, -0.8762778, 3.7780502, 9.131485, -1.4030021, 3.2609026, 9.313444, 0.7422025, 3.6104562, 9.907207, -0.49320555, 2.4133554, 9.481039, 1.0486604, 2.9975405, 9.533711, 0.22505496, 3.821146, 8.978256, 0.2681506, 3.7732618, 9.040505, 0.40222588, 3.7349546, 9.14585, -0.39264908, 3.3518825, 9.404425, 0.15801731, 5.463568, 8.552089, 0.01436521, 5.1762643, 8.734048, -0.12928689, 2.8491, 9.514558, 0.08140286, 2.5809495, 9.639056, 1.5179238, 1.7764976, 10.582372, 0.40701428, 2.7102363, 9.452309, 0.7086837, 2.3989902, 9.739613, 0.79008657, 2.360683, 9.682152, 0.50757074, 2.6910827, 9.634268, 0.62249243, 3.0933087, 9.437943
 -3.2130187, -11.923124, -3.8546648, -1.3503298, 4.486734, 8.288726, -8.331821, -9.835381, -1.7142484, -1.5370775, 6.0621185, 7.7667904, -0.7661445, -6.7564373, -0.80924016, -10.180145, -11.631032, -0.23463176, -12.459426, -13.9677725, -1.7621324, -6.129156, -9.433155, 0.7517793, -2.432509, -6.9862804, -2.2984335, -4.831499, -9.270349, -0.45010993, -8.240842, -5.923255, 0.4309563, -6.5744777, -8.734048, -0.33039984, -6.1770406, -7.264008, -4.8985367, -9.160215, -8.78672, -1.5035586, -8.288726, -6.861782, -0.110133275, -5.161899, -7.6375036, -3.0071173, -13.996503, -10.299856, 5.6407394, -2.3558946, -8.374918, 0.29688102, -8.226477, -7.6231384, 1.8004397, 0.7422025, 2.4277205, 9.921572, 1.0007763, 2.303222, 9.552865, 0.50278234, 2.6384103, 9.768343, 0.61770403, 3.169923, 9.155427, 0.7182605, 3.0454245, 9.294291, -10.472239, -16.529568, -2.2122424, -30.899567, 23.501484, -9.706094, 1.70946, 6.5265937, 1.2114661, -38.216248, 35.889084, 3.7349546, -3.7445314, 4.5537715, 11.707646, -14.863204, -12.559982, -21.370644, -24.74168, 29.214048, -8.901642, -24.74168, 29.214048, -8.901642, -41.223366, 29.913157, 31.737537, -13.321339, 14.058752, 7.489063, -22.888569, 24.928429, -19.201498, -24.037785, 25.110388, -6.631939, -5.4683566, 15.9022875, -1.8626889, -26.613947, 6.646304, 7.1059904, -0.7038953, 2.3654714, 5.813122, -0.45968673, 5.257667, 8.054094, -1.0486604, 3.7972038, 8.963891, -1.4508862, 3.2369606, 9.370906, 0.82360536, 3.4237084, 9.452309, -0.6847417, 2.633622, 9.68694, 1.1061212, 2.9735985, 9.859323, 0.019153614, 3.7828386, 9.466674, 0.24420857, 3.86903, 9.064447, 0.5363012, 3.8019924, 8.839393, -0.009576807, 2.777274, 9.519346, 0.11492168, 5.425261, 8.317456, 0.39264908, 4.663905, 8.580819, -0.1340753, 2.8203697, 9.41879, -0.08619126, 2.480393, 9.543288, 1.5801731, 1.2162545, 10.524911, 0.31124622, 2.6144683, 9.56723, 0.7422025, 2.4277205, 9.921572, 1.0007763, 2.303222, 9.552865, 0.50278234, 2.6384103, 9.768343, 0.61770403, 3.169923, 9.155427
 -1.8531121, -10.682928, 1.6041151, -0.08140286, 3.514688, 9.193734, -11.372458, -8.911219, -1.6424223, -1.1875241, 6.3350577, 6.215348, -0.5650316, -7.565677, -1.7860745, -10.01734, -11.013328, 0.45968673, -13.771448, -6.5696893, -0.11971009, -2.1547816, -7.8529816, -1.2306197, -3.5913026, -7.192182, -1.163582, -8.274361, -8.662222, -2.777274, -8.130709, -13.560759, -0.35434186, -8.001422, -6.114791, 0.63206923, -6.655881, -10.127473, -1.13964, -9.174581, -7.321469, 2.183512, -8.7053175, -10.55843, 2.3798366, -6.2009826, -9.423578, -3.6391866, -13.608643, -12.737153, -1.091756, -0.93373865, -6.2967505, -1.5227122, -7.52737, -6.933608, -0.40222588, 0.8283938, 2.4468741, 10.113108, 1.1540052, 2.2984335, 9.370906, 0.6703765, 2.6479871, 9.667787, 0.7134721, 3.122039, 9.093178, 0.5506664, 3.2273839, 9.289502, -14.676456, 0.5506664, -13.484144, 4.2664676, 6.244078, 4.477157, -5.0374002, 7.101202, 5.631162, -0.15322891, -16.400282, -0.24420857, -7.953538, 3.8259344, -5.0757074, -7.7093296, 17.132908, 3.9839516, 0.7182605, -10.534488, -1.3838485, 0.7182605, -10.534488, -1.3838485, 5.889736, -18.219875, -8.269572, 1.6903064, 1.4700398, 4.975151, 1.2306197, 7.7093296, 5.2959743, 3.5338416, 4.6591167, 5.391742, -8.236053, 0.81402856, 11.860875, 15.71554, -16.64449, -8.604761, -10.218452, -2.4181437, -4.2425256, -0.23942018, 5.4922986, 7.632715, -0.11492168, 3.1555579, 8.532935, -1.3742718, 3.3375173, 9.179369, 0.545878, 3.9264908, 9.030929, -0.18195933, 2.2266076, 9.188946, 1.1923125, 3.1172507, 9.734824, 0.2633622, 3.6248214, 9.409213, 0.21547815, 3.8546648, 8.973468, 0.45489833, 3.8259344, 8.968679, 0.2873042, 2.801216, 8.983045, 0.33039984, 5.4444146, 8.39886, 0.5267244, 4.673482, 8.576031, -0.29688102, 2.834735, 9.490616, 0.08140286, 2.4516625, 9.457097, 1.4317327, 1.4173675, 10.132261, 0.34476504, 2.6479871, 9.595961, 0.8283938, 2.4468741, 10.113108, 1.1540052, 2.2984335, 9.370906, 0.6703765, 2.6479871, 9.667787, 0.7134721, 3.122039, 9.093178
 -1.9728222, -9.351752, 1.1923125, 0.16759412, 4.175488, 8.259995, -11.439496, -8.580819, -2.9257145, -1.6136919, 4.8458643, 5.5497594, 0.40222588, -7.8912888, -0.7230489, -8.240842, -9.931149, 2.4468741, -8.336611, -5.6359506, -2.5570073, -8.236053, -11.133038, -0.8762778, -3.620033, -10.022128, -2.9783869, -8.24563, -10.668563, -2.0015526, -12.224793, -15.571888, 1.1731589, -6.7372837, -6.9719152, 0.8762778, -6.9719152, -9.102755, 2.0829554, -7.2592196, -7.16824, 1.1444284, -9.409213, -9.744401, 1.6041151, -6.4068837, -14.757859, 1.7908629, -13.546393, -15.47612, 2.4947581, -4.4244847, -5.2145715, -4.865018, -4.8458643, -8.327033, -1.0103531, 0.8475474, 2.4229321, 9.830592, 1.0390835, 2.3989902, 9.246407, 0.94810385, 2.6910827, 9.782708, 0.62249243, 3.0023289, 9.299079, 0.62249243, 2.9496565, 9.466674, -0.7038953, 11.640609, -0.0047884034, -31.004911, 25.167849, 11.252748, -0.39264908, -5.353435, -11.358093, -18.842367, -6.4404025, -23.827095, 5.530606, -9.610326, -4.5441947, -26.398468, 36.185963, 4.122815, -30.727184, 8.6813755, -35.23307, -30.727184, 8.6813755, -35.23307, -42.53539, 28.194118, 3.9264908, -11.310209, 5.0278234, 2.1691468, -32.47974, 39.063793, 2.72939, -15.935806, 26.87252, -9.844957, -8.748413, -14.958972, -2.7629087, -47.706863, 28.060043, -32.192436, 5.659893, -12.425907, -1.6136919, -0.6847417, 5.674258, 8.001422, 1.0821792, 1.3263878, 10.290278, -1.460463, 3.4715924, 8.892065, -0.59855044, 4.620809, 8.959103, -1.4652514, 2.6479871, 10.673351, 1.2258313, 3.1316159, 9.481039, 0.6655881, 3.5913026, 9.495404, 0.090979666, 3.8833952, 9.284714, 0.58897364, 3.7110126, 9.059659, 0.38307226, 2.6240451, 9.495404, 0.04309563, 5.7029886, 7.824251, 0.3878607, 4.606444, 8.66701, 0.12928689, 2.7485435, 8.99741, 0.22505496, 2.408567, 9.217676, 1.2162545, 1.6567876, 9.595961, 0.29688102, 2.633622, 9.509769, 0.8475474, 2.4229321, 9.830592, 1.0390835, 2.3989902, 9.246407, 0.94810385, 2.6910827, 9.782708, 0.62249243, 3.0023289, 9.299079
 -5.899313, -7.0581064, 0.7469909, -0.62728083, 4.7788267, 8.039729, -10.295067, -3.6104562, -0.80924016, -0.866701, 2.2409728, -0.06703765, -4.146757, -9.26556, -2.4420857, -6.3350577, -8.7292595, 0.47884035, -3.892972, -7.9391727, -3.1842883, -8.264784, -7.819463, 0.842759, -5.45878, -9.3661175, 0.45968673, -7.489063, -11.118672, 3.1124623, -11.262324, -15.179238, 3.5817258, -4.486734, -8.494628, 0.2777274, -6.421249, -8.240842, 0.047884032, -5.315128, -6.943185, -0.6607997, -9.021352, -12.148179, 1.7812861, -10.146626, -12.516887, 1.9967642, -9.217676, -14.762648, 2.825158, -3.4284968, -9.562442, -6.033388, -5.21936, -9.030929, 0.9911995, 0.9864111, 2.4516625, 9.370906, 0.8714894, 2.360683, 9.32781, 0.79487497, 2.7389667, 9.730036, 0.58897364, 2.9975405, 9.394848, 1.0582372, 2.753332, 8.7532015, -25.890898, 17.3005, -11.60709, 4.247314, -11.061212, -7.589619, -3.2848446, -3.8307228, -4.999093, -2.6048915, 8.671799, 5.5401826, -16.610971, 20.66675, 4.4436383, -4.936844, -12.406754, 2.3989902, 1.0151415, 6.7564373, 0.6368576, 1.0151415, 6.7564373, 0.6368576, 8.5473, 5.497087, 9.404425, -0.60333884, -9.069236, -7.723695, -5.233725, -6.3925185, -1.7956513, -2.3511062, -7.867347, -5.415684, -5.5641246, -14.863204, -20.058622, 0.08140286, 6.229713, 8.973468, -37.502777, 30.50213, -17.45373, -0.81402856, 5.6359506, 8.695741, 0.2825158, 1.8195933, 9.9550905, -1.4460979, 3.2848446, 9.093178, 1.2497733, 4.084508, 9.476251, -1.1300632, 2.432509, 9.816227, 1.0295067, 3.1411927, 9.054871, 0.4165911, 3.596091, 9.605537, 0.16280572, 3.8546648, 9.069236, 0.6751649, 3.5817258, 8.973468, -0.29209262, 3.9695864, 8.987833, 1.0582372, 4.1132383, 9.92636, 0.25857377, 4.582502, 8.523358, 0.60333884, 2.1021092, 9.648633, 0.07182605, 2.4899697, 9.083601, 1.388637, 1.757344, 9.854534, 0.34476504, 2.7629087, 9.394848, 0.9864111, 2.4516625, 9.370906, 0.8714894, 2.360683, 9.32781, 0.79487497, 2.7389667, 9.730036, 0.58897364, 2.9975405, 9.394848
 -6.679823, -7.4268136, -1.4221559, -1.316811, 5.12838, 7.9248075, -8.580819, -4.7788267, -2.5234885, -1.8195933, -2.0350714, -2.4899697, -7.723695, -13.603854, -4.8602295, -5.4061074, -8.202535, 0.51714754, -4.0892963, -8.015787, -0.866701, -8.054094, -8.829816, -0.21547815, -8.935161, -8.2169, 1.6807296, -8.054094, -7.656657, 0.80924016, -7.120356, -13.426683, 2.030283, -3.9360676, -8.911219, -0.29209262, -5.827487, -9.198523, -1.2545617, -5.085284, -6.9527617, -0.10534488, -8.058883, -11.789049, 3.3997664, -12.473791, -6.6750345, 0.89543146, -5.592855, -12.579136, 1.6567876, -5.2385135, -14.417883, 0.0047884034, -8.815451, -10.424355, 0.8331822, 0.81402856, 2.552219, 8.99741, 0.8331822, 2.303222, 9.552865, 0.48841715, 2.9592333, 9.533711, 0.6464345, 3.0597897, 9.385271, 5.755661, 2.9592333, 3.3806129, 0.94810385, -10.405201, 3.0502129, -12.717999, 20.369867, 3.193865, -7.321469, 17.707516, 3.6296098, -20.298042, 14.226347, -4.7548847, -1.9057846, 8.09719, 10.879252, -11.956643, -10.113108, -6.14831, -14.944607, 28.409597, -14.106636, -14.944607, 28.409597, -14.106636, -16.639702, 6.9767036, 0.81402856, -20.829556, 20.207062, -11.688493, -9.3421755, 13.623008, -11.851298, -32.431858, 17.520767, -21.078552, 2.7389667, 14.867992, 1.8962077, -25.239674, 2.3175871, -6.799533, 6.1387334, -1.5466543, 5.056554, -0.38307226, 5.315128, 7.943961, -0.05267244, 2.72939, 9.102755, -1.4891934, 3.4237084, 9.428367, 0.23942018, 4.1706996, 8.662222, -1.1348516, 2.384625, 9.514558, 0.7661445, 3.1986535, 9.275137, 0.29209262, 3.5913026, 9.294291, 0.25378537, 3.8115692, 9.040505, 0.5602432, 3.466804, 9.198523, -0.08619126, 3.9791632, 8.925584, 1.0773908, 4.185065, 9.246407, 0.37349546, 4.4819455, 9.112331, 0.16759412, 2.633622, 9.3421755, 0.1388637, 2.456451, 9.093178, 1.8291701, 1.5897499, 10.486604, 0.37349546, 2.834735, 9.356541, 0.81402856, 2.552219, 8.99741, 0.8331822, 2.303222, 9.552865, 0.48841715, 2.9592333, 9.533711, 0.6464345, 3.0597897, 9.385271
 -9.998186, -8.169016, -0.92416185, -0.58418524, 4.8458643, 9.121908, -8.42759, -10.6398325, -2.585738, -4.5058875, -6.895301, -2.1021092, -12.100295, -17.583017, -0.48362875, -3.691859, -7.8865004, -1.5227122, -6.019023, -8.279149, 0.59855044, -7.0964136, -7.9966335, 0.01436521, -10.156203, -11.602302, -2.5187001, -6.631939, -8.054094, -1.6328455, -5.779603, -10.879252, 1.9728222, -4.5920787, -10.5919485, -2.4229321, -7.2831616, -8.781932, -2.0494366, -5.6215854, -7.5944076, 0.06703765, -5.439626, -10.338163, 2.456451, -7.5800424, -7.6853876, -2.9352913, -4.390966, -9.3661175, 1.2258313, -12.5982895, -11.87524, -0.22026655, -11.927913, -10.697293, -0.47405192, 0.63206923, 2.8203697, 8.892065, 0.8475474, 2.3080103, 9.801862, 0.50757074, 3.1028855, 9.255983, 0.7469909, 3.0693667, 9.299079, -1.2880806, 2.4181437, 6.205771, -42.956768, 12.674904, -26.044127, -0.81881696, 6.0285997, 6.823475, -2.4708161, 4.003105, 9.141062, -1.9201498, -7.1251445, -2.834735, -1.1444284, 0.61291564, -5.2863975, -0.16759412, 19.230228, 0.2681506, 1.388637, -12.512098, -5.4204726, 1.388637, -12.512098, -5.4204726, 6.9048777, -12.239159, -9.849746, 1.910573, 0.4405331, 6.033388, -0.4357447, 10.46745, 4.477157, 1.9871874, 7.043741, 1.4413095, -22.060175, 28.395231, -4.1946416, 3.8594532, -9.490616, -4.5681367, -30.334536, 22.744917, -10.271125, -0.7565677, 5.401319, 7.656657, -0.49799395, 3.1555579, 9.701305, -1.3551182, 3.2848446, 9.370906, 0.2681506, 4.223372, 9.461885, -1.6184803, 2.384625, 9.782708, 1.0295067, 3.2321723, 9.308656, 0.30166942, 3.5913026, 9.576807, 0.2633622, 3.7732618, 9.203311, 0.36391866, 3.514688, 9.294291, -0.25378537, 3.9360676, 8.643068, 0.80924016, 4.6112323, 8.552089, 0.2825158, 4.477157, 8.7532015, -0.11492168, 2.7150247, 9.552865, -0.05267244, 2.4277205, 10.022128, 1.9680338, 1.3120226, 10.304645, 0.4405331, 2.7246015, 9.375694, 0.63206923, 2.8203697, 8.892065, 0.8475474, 2.3080103, 9.801862, 0.50757074, 3.1028855, 9.255983, 0.7469909, 3.0693667, 9.299079
 -8.331821, -9.835381, -1.7142484, -1.5370775, 6.0621185, 7.7667904, -11.87524, -8.441956, 1.6567876, -7.680599, -17.27177, -3.9935284, -16.903065, -11.520899, 1.2066777, -4.841076, -8.025364, -1.3215994, -13.13459, -12.449849, -1.5897499, -8.542512, -9.246407, 2.681506, -13.388376, -9.442732, -2.0446482, -5.5258174, -7.608773, -1.6807296, -3.0358477, -9.457097, -0.07182605, -2.1404164, -10.82658, -0.14844051, -8.2169, -8.073248, -2.4612393, -8.537724, -9.361329, -0.46447513, -5.6407394, -8.461109, 1.8866309, -4.1276035, -8.935161, -2.1787236, -2.7150247, -7.4028716, 0.9768343, -13.417107, -7.6470804, -1.043872, -12.066776, -1.4460979, -1.316811, 0.61291564, 2.906561, 9.279925, 1.043872, 2.3415294, 9.821015, 0.58418524, 3.0262709, 9.227253, 0.7517793, 3.0358477, 9.375694, -4.7165775, -7.9487495, -1.8626889, -0.8283938, 7.905654, 2.7820623, -12.26789, 5.109226, 6.6606693, -31.076738, 27.581203, 17.013197, -11.372458, -24.128765, -16.041151, 0.7278373, -5.631162, -5.6407394, -25.9723, 41.994297, 1.1779473, -21.86385, 15.801731, -24.4448, -21.86385, 15.801731, -24.4448, -11.066, 17.18558, -4.88896, -26.532543, 25.503036, 0.06703765, -7.129933, 24.507048, 2.432509, -22.864626, 39.70544, 1.2401965, -4.2042184, -12.047623, -4.3143516, -67.83252, 12.641385, -63.087215, 0.6847417, -4.9655743, 4.9464207, -0.5363012, 5.257667, 8.413225, -0.2681506, 3.5434184, 9.088389, -1.484405, 3.3758245, 9.212888, 0.34955344, 4.2185836, 8.978256, -0.8523358, 2.3798366, 9.595961, 1.0055647, 3.1555579, 9.519346, 0.47405192, 3.6774938, 9.404425, 0.22984336, 3.7541082, 9.32781, 0.17238252, 3.7014358, 9.279925, -0.16759412, 3.7780502, 9.11712, 0.6464345, 4.7405195, 8.236053, 0.33039984, 4.5394063, 8.743625, -0.033518825, 2.7820623, 9.442732, 0.062249243, 2.3989902, 10.998962, 1.8962077, 1.1923125, 9.945514, 0.31124622, 2.7006595, 9.543288, 0.61291564, 2.906561, 9.279925, 1.043872, 2.3415294, 9.821015, 0.58418524, 3.0262709, 9.227253, 0.7517793, 3.0358477, 9.375694
 -11.372458, -8.911219, -1.6424223, -1.1875241, 6.3350577, 6.215348, -8.676587, -9.710882, 1.8148049, -21.65316, -21.566969, 1.7717092, -11.099519, -7.3549876, -2.1308396, -1.2210429, -10.477027, -1.3311762, -13.857639, -4.486734, -1.6136919, -3.6343982, -8.595184, 0.842759, -10.850522, -5.3725886, 0.40701428, -4.3526587, -7.690176, 0.08140286, -0.6799533, -8.197746, -0.40701428, -3.916914, -9.859323, 2.2840683, -8.585608, -7.771579, -2.504335, -9.169792, -10.601525, -1.3120226, -4.8985367, -7.07726, 2.3415294, -5.889736, -8.192958, 0.58418524, -1.685518, -7.728483, 0.009576807, -7.043741, -8.834604, -2.7868507, -7.833828, -7.192182, -4.027047, 0.62728083, 2.743755, 9.653421, 1.0726024, 2.3223755, 9.605537, 0.842759, 2.9113493, 9.452309, 0.7613561, 3.0262709, 9.3661175, -24.818295, 4.6351743, 0.07182605, -47.24239, 16.01242, -4.8841715, 1.7717092, -5.616797, -9.212888, 0.46447513, -4.9655743, -10.362105, -8.317456, 10.529699, 6.5936313, -8.66701, 11.7268, -6.411672, -9.504981, -17.803284, -7.015011, 0.11492168, 7.9343843, -1.0295067, 0.11492168, 7.9343843, -1.0295067, 0.58897364, 3.7828386, 8.403648, -3.1794999, -14.03481, -2.3127987, -4.855441, -8.403648, -2.3798366, -1.2737153, -10.903194, -5.195418, -6.7851677, -5.5641246, -21.298819, 1.9393034, 7.833828, 13.694834, -10.577583, -10.922348, -11.089942, -0.8619126, 5.133168, 8.255207, -0.8331822, 3.9312792, 8.944737, -1.4269443, 3.4093432, 8.695741, 0.7134721, 3.9121256, 8.916007, -0.93852705, 2.3463178, 9.581595, 1.1683705, 3.2752678, 10.160992, 0.58418524, 3.6631286, 9.112331, 0.20590134, 3.7780502, 9.208099, -0.062249243, 3.7014358, 9.040505, 0.58418524, 2.6240451, 10.314221, 0.090979666, 5.363012, 8.863335, 0.44532153, 4.3526587, 8.892065, -0.272939, 2.7150247, 9.667787, 0.35434186, 2.231396, 10.395624, 1.6328455, 1.1683705, 9.883265, 0.272939, 2.6431987, 9.528923, 0.62728083, 2.743755, 9.653421, 1.0726024, 2.3223755, 9.605537, 0.842759, 2.9113493, 9.452309, 0.7613561, 3.0262709, 9.3661175
 -11.439496, -8.580819, -2.9257145, -1.6136919, 4.8458643, 5.5497594, -7.216124, -9.466674, -0.4405331, -21.456835, -27.284323, 2.456451, -4.8362875, -9.294291, -3.9600096, -3.1651347, -7.101202, 1.091756, -8.542512, -4.414908, -3.3614593, -4.711789, -7.2544312, -2.0973208, -5.21936, -7.350199, -2.2122424, -7.7332716, -10.409989, 1.7812861, -1.1013328, -8.09719, -1.4173675, -7.752425, -9.174581, -0.81402856, -9.653421, -9.02614, -1.2018893, -7.297527, -7.359776, 2.585738, -4.3622355, -6.531382, 2.3702598, -13.378799, -11.468226, 1.3072342, -2.882619, -8.374918, -1.6136919, -6.967127, -8.183381, -2.7341783, -8.42759, -11.9135475, -3.1986535, 0.7517793, 2.633622, 9.825804, 1.0199299, 2.4516625, 9.390059, 0.8810662, 2.9640217, 9.428367, 0.7517793, 3.0119057, 9.275137, -19.632454, 0.19153613, 4.8458643, 3.7349546, -10.448297, -2.992752, -4.1276035, 13.306973, 4.4196963, -10.448297, 4.8745947, -8.303091, -10.955867, 13.8480625, -7.2544312, -6.2967505, 13.125013, 5.473145, -11.8896055, 3.9791632, -11.568783, -20.106506, 32.9921, 10.295067, -20.106506, 32.9921, 10.295067, -7.642292, 4.0653543, 4.1419687, -34.21793, 23.44881, -37.411797, -3.0262709, 4.783615, -8.810662, -20.949265, 22.19425, -15.246277, 1.5275006, 12.741941, 1.3694834, -62.637104, 27.638664, -17.975666, -3.916914, 10.745177, -2.3989902, -0.2873042, 4.414908, 8.844181, -1.0151415, 3.8833952, 8.968679, -1.4221559, 3.2752678, 9.131485, 0.4357447, 4.232949, 8.78672, -0.81881696, 2.4277205, 9.586384, 1.2641385, 3.4332852, 10.103531, 0.33039984, 3.7062242, 8.748413, 0.4165911, 3.7014358, 9.121908, -0.22984336, 3.8115692, 9.375694, 0.17238252, 2.9831753, 9.734824, 0.32561144, 5.439626, 8.145074, 0.3878607, 4.486734, 8.66701, 0.110133275, 2.72939, 9.509769, 0.1388637, 2.566584, 10.041282, 1.5179238, 1.1013328, 10.1226845, 0.272939, 2.5761611, 9.337387, 0.7517793, 2.633622, 9.825804, 1.0199299, 2.4516625, 9.390059, 0.8810662, 2.9640217, 9.428367, 0.7517793, 3.0119057, 9.275137
 -10.295067, -3.6104562, -0.80924016, -0.866701, 2.2409728, -0.06703765, -8.192958, -9.485827, 1.6519991, -27.131094, -4.414908, 4.999093, -6.253655, -7.896077, -0.25857377, -6.50744, -7.345411, -3.596091, -7.6231384, -13.397953, -4.951209, -9.662998, -11.267113, 0.6799533, -5.4539914, -6.3685765, -3.7780502, -11.745954, -9.610326, 2.3894134, 1.2401965, -7.9248075, 0.1436521, -9.02614, -8.24563, -3.2944214, -7.225701, -7.9343843, 4.0318356, -5.2528787, -6.0477533, -0.038307227, -2.408567, -6.861782, 2.2744915, -13.354857, -5.195418, 2.5713725, -2.0111294, -12.349293, -5.7125654, -11.152191, -7.335834, -2.5234885, -12.26789, -10.788273, 1.4796166, 0.7613561, 2.7485435, 9.998186, 1.0295067, 2.4037786, 9.332599, 0.8523358, 3.0119057, 9.078813, 0.7278373, 3.016694, 9.370906, -0.272939, -7.264008, -4.247314, -34.093433, 17.118542, -16.989256, -2.8107927, 7.690176, 7.359776, 2.0829554, 4.7740383, -0.12449849, -0.89543146, -5.1810527, -1.5993267, 0.7469909, 1.6998832, -8.049306, 5.4300494, 17.985243, 3.9552212, -3.7972038, -9.653421, -1.0630256, -3.7972038, -9.653421, -1.0630256, 0.1340753, -13.172897, -5.693412, 1.2641385, 4.999093, 9.734824, -0.90500826, 13.613431, 0.7326257, 4.9655743, 8.690952, 0.47405192, -59.333107, 37.63206, -14.360422, -3.2561142, -13.292608, -8.585608, 1.2689269, 6.1770406, 0.39743748, 0.05267244, 3.821146, 9.251195, -0.7757214, 4.0318356, 8.595184, -1.5035586, 3.323152, 9.313444, 0.2825158, 4.295198, 8.935161, -0.8523358, 2.360683, 9.557653, 0.076614454, 3.8786068, 8.221688, 0.18674773, 3.8977604, 8.585608, 0.29209262, 3.7014358, 9.260772, -0.24420857, 3.86903, 9.337387, -0.023942016, 3.0885203, 9.3182335, 0.20111294, 5.5641246, 7.9248075, 0.047884032, 4.596867, 8.8777, -0.22984336, 2.6910827, 9.768343, -0.20111294, 2.8107927, 10.007763, 1.7286136, 1.2401965, 10.328587, 0.33039984, 2.4995465, 8.695741, 0.7613561, 2.7485435, 9.998186, 1.0295067, 2.4037786, 9.332599, 0.8523358, 3.0119057, 9.078813, 0.7278373, 3.016694, 9.370906
 -8.580819, -4.7788267, -2.5234885, -1.8195933, -2.0350714, -2.4899697, -6.6415157, -10.539276, -1.1779473, -8.461109, -9.883265, -1.5035586, -10.031705, -7.3549876, -0.4213795, -8.465898, -11.688493, -2.2457612, -7.101202, -15.883134, 1.7956513, -6.3589997, -9.864111, -2.743755, -7.8912888, -6.9048777, -1.7764976, -10.012551, -6.133945, 0.9528923, -3.4524388, -8.475474, -3.1124623, -9.174581, -8.844181, -0.45968673, -9.097966, -7.015011, 5.104438, -7.005434, -8.930372, -2.695871, -4.414908, -6.4260373, 2.5139117, -8.063671, -6.4787097, 0.4213795, -4.697424, -12.224793, -5.521029, -13.172897, -6.3063273, -4.525041, -7.867347, -12.287044, 0.8475474, 0.6703765, 2.906561, 9.706094, 1.0103531, 2.3750482, 9.332599, 0.78529817, 3.1364043, 8.868123, 0.6560113, 2.9400797, 9.557653, -12.042834, 10.6877165, -10.0748005, -0.0047884034, 6.220136, 7.091625, -4.2185836, -1.1348516, -3.643975, -12.29662, 12.459426, 1.2641385, -25.804707, 6.4068837, -5.521029, -5.1379566, 8.590396, -4.1371803, -23.96117, 42.487503, 9.490616, -31.981747, 15.255854, -21.753717, -31.981747, 15.255854, -21.753717, -4.1611223, 9.519346, 6.4164605, -33.07829, 24.554934, 1.70946, -4.261679, 12.818556, 1.1683705, -17.606958, 32.249897, -5.4922986, 3.3901896, -10.13705, -8.197746, -32.139763, 8.312668, -16.922218, 5.923255, -5.81791, -2.5761611, 0.01436521, 3.98874, 9.3182335, -1.0965444, 3.9456444, 9.069236, -1.4891934, 3.2752678, 9.3182335, 0.4261679, 4.6830587, 7.8050976, -0.7038953, 2.2840683, 9.605537, 0.095768064, 3.9552212, 9.141062, -0.047884032, 3.9312792, 8.724471, 0.21068975, 3.821146, 9.212888, -0.16280572, 4.060566, 9.179369, -0.2681506, 3.2225955, 9.11712, 0.4261679, 5.5018754, 7.9822683, 0.6943185, 4.3047748, 8.916007, -0.038307227, 2.8634653, 9.299079, -0.31603462, 2.8299465, 9.921572, 1.8483237, 1.2258313, 10.141838, 0.23942018, 2.5139117, 8.6813755, 0.6703765, 2.906561, 9.706094, 1.0103531, 2.3750482, 9.332599, 0.78529817, 3.1364043, 8.868123, 0.6560113, 2.9400797, 9.557653
 -8.42759, -10.6398325, -2.585738, -4.5058875, -6.895301, -2.1021092, -6.1626754, -10.58716, -0.8283938, -0.1436521, -13.110648, -3.3614593, -12.842498, -7.2209125, -3.1364043, -11.463438, -11.865664, 1.8100165, -8.561666, -8.853758, 0.45489833, -7.6470804, -10.280702, 5.0661306, -10.5680065, -8.169016, -1.6903064, -8.2169, -6.291962, 2.0590134, -7.1395097, -13.326127, -6.105214, -7.455544, -7.517793, 0.5506664, -8.561666, -7.991845, 7.5704656, -10.448297, -10.726024, 1.6089035, -6.7372837, -6.4499793, 1.0103531, -7.627927, -12.799402, -2.4947581, -10.1226845, -9.021352, -6.114791, -10.94629, -9.519346, -2.705448, -6.6510925, -11.061212, 0.0, 0.6991069, 3.0023289, 9.361329, 1.043872, 2.3511062, 9.423578, 0.6703765, 3.122039, 9.131485, 0.7278373, 2.9400797, 9.648633, 1.436521, 5.5018754, 7.422025, -47.108315, 13.40753, -6.301539, -2.9640217, -5.535394, -8.8777, -3.9025488, -6.7372837, -3.9695864, -2.8299465, 7.896077, 4.8362875, -4.084508, 8.959103, -2.1643584, -2.3798366, -10.864887, -2.1308396, 3.7349546, 10.290278, 2.5378537, 3.7349546, 10.290278, 2.5378537, -2.2122424, 6.933608, 11.678916, 2.0207062, -11.209652, -2.9352913, -4.462792, -4.156334, -5.865794, -4.8698063, -10.275913, -1.8148049, -54.741028, 27.198132, -27.6243, 2.9879637, 8.911219, 10.381259, 2.8921957, -20.441694, -0.37828386, 0.10534488, 3.8977604, 8.963891, -1.1348516, 3.9935284, 9.011775, -1.8722657, 3.2848446, 9.097966, -0.11971009, 4.3239284, 9.040505, -0.90979666, 2.4372973, 9.457097, 0.4261679, 3.9456444, 9.720459, -0.01436521, 3.964798, 9.050082, 0.19153613, 3.8307228, 9.059659, -0.4213795, 4.209007, 9.26556, 0.04309563, 2.8203697, 9.562442, 0.16280572, 5.6407394, 8.576031, 0.51714754, 4.3526587, 8.834604, -0.1340753, 2.7724855, 9.562442, -0.35913026, 2.944868, 10.486604, 1.8100165, 1.2545617, 9.77792, 0.30166942, 2.566584, 9.3182335, 0.6991069, 3.0023289, 9.361329, 1.043872, 2.3511062, 9.423578, 0.6703765, 3.122039, 9.131485, 0.7278373, 2.9400797, 9.648633
 -11.87524, -8.441956, 1.6567876, -7.680599, -17.27177, -3.9935284, 1.388637, -10.175357, 1.0342951, -7.97748, -9.203311, 0.14844051, -12.617443, -9.830592, -4.7261543, -13.048399, -6.1770406, 0.45010993, -7.0964136, -8.504205, -1.0821792, -5.6646814, -9.983821, 3.0933087, -10.070012, -10.840945, -1.5035586, -5.985504, -12.612655, -0.110133275, -12.071565, -17.266983, -0.2825158, -4.960786, -7.445967, -1.9393034, -6.8569937, -9.476251, 4.5537715, -8.552089, -9.203311, 2.078167, -9.361329, -6.7612257, 1.5945383, -9.222465, -14.652514, 1.0247183, -7.991845, -11.343728, -3.8115692, -8.446744, -10.448297, -0.1436521, -4.6351743, -9.868899, -0.47405192, 0.6560113, 3.0454245, 9.050082, 1.0055647, 2.2122424, 9.600749, 0.60333884, 3.2034419, 9.323022, 0.6607997, 3.040636, 9.514558, -4.2904096, 3.3135753, -0.9911995, 7.2783732, -8.810662, -5.48751, -0.009576807, 9.572019, 1.6663644, -1.9632454, -6.8665705, -6.5218053, 0.02873042, 9.188946, 2.8443117, -4.429273, 0.2825158, -4.831499, -12.765883, -17.860744, -20.489578, -43.12436, 37.1197, -3.1268275, -43.12436, 37.1197, -3.1268275, -7.599196, -12.5982895, -3.217807, -40.94085, 25.684996, -30.751127, -4.4244847, 3.5434184, -14.417883, -28.486212, 27.02575, -20.254946, 3.3806129, 5.932832, 11.563994, -78.42926, 42.937614, 16.850391, -10.280702, 10.721235, 8.542512, 0.110133275, 3.9456444, 8.882488, -0.93852705, 3.8307228, 9.102755, -1.7956513, 3.2034419, 9.600749, 0.10534488, 4.2425256, 8.839393, -0.8762778, 2.2936451, 9.983821, 0.3878607, 3.892972, 9.251195, 0.17238252, 3.892972, 9.054871, 0.22505496, 3.8307228, 8.944737, -0.34955344, 4.271256, 9.212888, 0.033518825, 2.9831753, 9.136273, 0.48362875, 5.401319, 7.896077, 0.25857377, 4.462792, 8.848969, -0.23463176, 2.8538885, 9.074024, -0.40701428, 3.0454245, 11.60709, 1.70946, 1.4221559, 9.557653, 0.641646, 2.3127987, 9.773131, 0.6560113, 3.0454245, 9.050082, 1.0055647, 2.2122424, 9.600749, 0.60333884, 3.2034419, 9.323022, 0.6607997, 3.040636, 9.514558
 -8.676587, -9.710882, 1.8148049, -21.65316, -21.566969, 1.7717092, -2.7868507, -6.540959, 2.6288335, -12.689269, -6.1530986, 0.8571242, -10.237606, -10.845734, 0.7278373, -8.020576, -6.588843, -2.2170308, -6.459556, -8.274361, -1.5753847, -6.742072, -8.283937, 1.2354081, -11.113884, -12.555194, -2.2122424, -7.881712, -12.717999, 1.2162545, -16.46253, -9.289502, 0.9911995, -3.6535518, -7.240066, -1.2497733, -7.656657, -10.036493, 2.8682537, -6.5361705, -8.537724, 1.1731589, -10.429143, -7.1873937, 3.2130187, -9.284714, -10.745177, 0.17238252, -8.825027, -9.188946, -1.8435353, -8.508993, -10.625467, 1.8531121, -3.53863, -8.226477, -0.4405331, 0.6368576, 3.0933087, 9.021352, 1.0869676, 2.2457612, 9.485827, 0.61770403, 3.1986535, 9.255983, 0.6464345, 3.064578, 9.404425, 2.0015526, -2.3989902, -2.7868507, -5.3247046, 2.8395233, -14.293385, -5.4539914, 10.941502, 4.8123455, -7.2927384, 11.583148, 1.5658079, -1.757344, -5.913678, -1.8004397, -3.8738184, 17.803284, -4.1036615, -7.3406224, 15.35641, 0.46926352, -2.0494366, -7.9726915, -1.0055647, -2.0494366, -7.9726915, -1.0055647, -4.6830587, -9.050082, -14.293385, 0.8762778, 6.694188, 5.3247046, -1.8100165, 12.512098, 3.0262709, 2.3127987, 5.6790466, 5.3486466, -28.060043, 25.574863, -7.517793, 1.388637, -18.880674, -3.9312792, 8.178593, -3.9600096, 6.0238113, -0.5650316, 4.2664676, 10.031705, -1.2018893, 3.821146, 9.102755, -1.6950948, 3.3087866, 9.294291, -0.12928689, 4.261679, 8.992621, -0.7134721, 2.4037786, 9.557653, 0.08619126, 4.0940847, 8.580819, 0.16280572, 3.9552212, 8.868123, 0.23942018, 3.7780502, 9.131485, -0.24899697, 4.0653543, 9.251195, -0.10534488, 3.0933087, 9.414001, 0.17238252, 5.6982, 7.943961, 0.521936, 4.462792, 8.432379, -0.23463176, 2.7820623, 9.380483, 0.08140286, 2.9592333, 10.989386, 1.4317327, 1.5897499, 9.279925, 0.7565677, 2.1068976, 9.610326, 0.6368576, 3.0933087, 9.021352, 1.0869676, 2.2457612, 9.485827, 0.61770403, 3.1986535, 9.255983, 0.6464345, 3.064578, 9.404425
 -7.216124, -9.466674, -0.4405331, -21.456835, -27.284323, 2.456451, -3.289633, -9.495404, -5.3678, -16.74026, -7.517793, -2.7868507, -7.8146744, -9.179369, 2.3127987, -4.0701427, -8.963891, -1.3072342, -4.927267, -8.149862, -2.3798366, -4.6112323, -6.967127, -1.3934253, -2.8634653, -8.034941, -1.7238252, -8.834604, -9.275137, 1.7381904, -8.734048, -7.943961, -3.7445314, -3.4620156, -8.250419, -0.15322891, -8.710106, -8.604761, 1.8100165, -5.4300494, -8.269572, 1.1923125, -11.60709, -6.9719152, 3.763685, -8.384495, -9.351752, 0.8379706, -6.0764837, -7.9726915, -3.0071173, -8.863335, -12.5743475, 2.0159178, -2.777274, -7.2783732, -0.5650316, 0.7086837, 3.107674, 9.232041, 1.0965444, 2.3894134, 9.203311, 0.6560113, 3.2225955, 9.14585, 0.5554548, 3.1507695, 9.452309, -1.292869, 9.691729, 6.7372837, -2.8107927, 9.811439, -2.2266076, -0.12928689, -1.6711528, -3.4045548, 6.9862804, 0.45489833, 5.0661306, -28.778305, 6.540959, -19.172768, -19.148825, 30.396784, 9.275137, -3.5817258, 18.32043, 1.067814, -13.512875, 7.771579, -11.415554, -13.512875, 7.771579, -11.415554, -1.8818425, 7.393295, 8.48984, -18.770542, 42.08049, -5.281609, 1.5227122, 10.060435, 2.6048915, -19.814413, 22.318748, -5.046977, -8.63828, -8.719683, -5.2528787, -7.656657, -4.036624, -6.3781533, -8.532935, -9.107543, -1.5514427, -1.1971009, 5.0278234, 8.432379, -0.92416185, 3.8642416, 8.944737, -1.5993267, 3.2800562, 9.074024, 0.33997664, 4.209007, 8.360553, -0.6655881, 2.3702598, 9.246407, -0.19632454, 4.2521024, 8.418014, 0.05746084, 4.084508, 8.781932, 0.23463176, 3.8355112, 9.275137, -0.009576807, 3.9264908, 9.155427, 0.0, 2.96881, 9.509769, 0.25857377, 5.559336, 8.671799, 0.1340753, 4.6495395, 8.944737, -0.10055647, 2.7006595, 9.466674, 0.23942018, 3.1651347, 9.787497, 1.3263878, 1.757344, 9.323022, 0.59376204, 2.1547816, 9.509769, 0.7086837, 3.107674, 9.232041, 1.0965444, 2.3894134, 9.203311, 0.6560113, 3.2225955, 9.14585, 0.5554548, 3.1507695, 9.452309
 -8.192958, -9.485827, 1.6519991, -27.131094, -4.414908, 4.999093, -6.694188, -9.864111, -0.79008657, -14.111424, -5.731719, -3.6008794, -8.001422, -14.168885, 0.22026655, -5.9041014, -7.4124484, 1.8195933, -4.223372, -8.714894, -1.4317327, -8.901642, -7.192182, -0.34476504, -8.298303, -4.477157, -3.3087866, -7.441179, -9.208099, 1.2785037, -4.8219223, -9.3661175, -2.4851813, -5.66947, -8.6095495, 0.62249243, -7.785944, -8.475474, 2.2649148, -3.241749, -8.781932, 0.0, -10.931925, -5.884948, 5.243302, -6.3925185, -9.380483, 0.04309563, -6.0142345, -6.8282633, -2.8060043, -8.317456, -11.425131, 6.5457473, 0.18195933, -9.629479, -1.6950948, 0.7613561, 3.0789435, 9.375694, 0.92895025, 2.4899697, 9.275137, 0.51714754, 3.2752678, 9.14585, 0.60333884, 3.0597897, 9.41879, -11.453861, 9.399636, 6.229713, -15.294161, 13.608643, -13.785813, -10.496181, 14.580688, -6.8426285, -9.380483, -4.027047, -1.661576, 0.6943185, 8.025364, 1.8291701, -5.4683566, -11.769896, -3.7205894, -12.804191, -13.268666, -7.3789296, -0.320823, 6.703765, 0.5410896, -0.320823, 6.703765, 0.5410896, -33.087868, 35.558685, 2.719813, -2.4995465, -12.26789, 1.6663644, 1.3263878, 2.2936451, -5.0613422, -3.083732, -7.73806, -4.5777135, -51.259857, 28.476635, -31.636982, -2.1787236, 7.7811556, 2.719813, -1.4891934, -18.602947, -4.1802764, -1.0821792, 4.865018, 8.585608, -0.7134721, 3.572149, 8.532935, -1.8722657, 3.3997664, 9.222465, -0.31603462, 4.4196963, 8.781932, -0.8619126, 2.3702598, 9.639056, -0.2825158, 4.247314, 8.485051, -0.0047884034, 3.9935284, 8.916007, 0.12928689, 3.7541082, 9.351752, 0.25857377, 3.7588966, 9.069236, -0.095768064, 3.1028855, 9.208099, 0.23942018, 5.544971, 8.240842, 0.04309563, 4.9895163, 8.695741, -0.04309563, 2.791639, 9.303867, -0.12449849, 3.5434184, 8.571242, 1.115698, 1.7286136, 9.572019, 0.4309563, 2.1978772, 9.409213, 0.7613561, 3.0789435, 9.375694, 0.92895025, 2.4899697, 9.275137, 0.51714754, 3.2752678, 9.14585, 0.60333884, 3.0597897, 9.41879
 -6.6415157, -10.539276, -1.1779473, -8.461109, -9.883265, -1.5035586, -7.920019, -12.066776, 0.29209262, -9.184157, -7.699753, -1.3694834, -7.9870567, -14.030022, 0.56982, -9.131485, -8.135497, 0.12928689, -0.19153613, -9.203311, -2.135628, -5.2528787, -11.745954, 2.3750482, -6.1626754, -10.548853, -5.2385135, -5.8562174, -9.351752, 0.31603462, -7.7907324, -7.3071036, -2.1212628, -7.1059904, -12.004527, -3.5194764, -6.215348, -8.925584, 2.777274, -4.414908, -7.335834, 0.89543146, -8.839393, -7.704541, 2.6240451, -4.817134, -8.767567, -0.047884032, -3.4045548, -8.6574335, -3.2944214, -7.177817, -10.884041, 5.995081, -2.360683, -8.66701, 0.78529817, 0.80924016, 2.9975405, 9.437943, 0.770933, 2.4899697, 9.557653, 0.5602432, 3.193865, 9.294291, 0.6607997, 3.040636, 9.433155, 0.0, -6.0621185, -1.484405, -1.2114661, -8.322245, 2.5570073, -1.484405, 8.307879, 2.72939, 1.8770541, -14.264654, -2.2505496, -40.734947, 28.500578, -4.6160207, -56.53668, 0.8714894, -14.997279, 4.8698063, -15.739482, -7.7428484, -35.11336, 34.481293, 2.5617957, -35.11336, 34.481293, 2.5617957, -0.39743748, -13.800179, -2.6862943, -38.38863, 20.398598, -34.58185, -1.283292, -5.363012, -7.0006456, -20.69548, 26.479872, -14.5567465, -3.572149, 8.566454, 7.302315, -3.2800562, 2.552219, 5.722142, -1.9057846, 5.9519854, -1.6567876, -1.0965444, 4.879383, 8.652645, -1.316811, 2.896984, 9.294291, -1.412579, 3.3039982, 9.021352, -0.320823, 4.4819455, 8.528147, -0.6847417, 2.2649148, 9.830592, -0.20590134, 4.0797195, 8.556877, -0.18195933, 4.0318356, 9.11712, 0.16759412, 3.7780502, 9.289502, 0.40222588, 3.6774938, 9.035717, -0.11492168, 2.9640217, 9.346964, 0.40222588, 5.4683566, 8.2169, 0.08140286, 5.1140146, 8.508993, -0.19632454, 2.72939, 9.504981, -0.4309563, 3.892972, 7.843405, 1.0342951, 1.7717092, 9.639056, 0.5554548, 2.111686, 9.892841, 0.80924016, 2.9975405, 9.437943, 0.770933, 2.4899697, 9.557653, 0.5602432, 3.193865, 9.294291, 0.6607997, 3.040636, 9.433155
 -6.1626754, -10.58716, -0.8283938, -0.1436521, -13.110648, -3.3614593, -11.712435, -13.297397, -1.5131354, -8.1402855, -14.915876, -1.7286136, -10.682928, -9.528923, 2.0925324, -13.891158, -9.294291, -0.9528923, -0.34476504, -6.847417, 1.3024458, -4.7788267, -8.341399, 2.9161377, -3.4763808, -8.413225, 0.090979666, -2.657564, -9.528923, -0.39264908, -11.104307, -7.16824, -2.992752, -6.26802, -10.649409, -1.5753847, -5.731719, -8.580819, 3.0310593, -5.4444146, -9.710882, -0.7517793, -5.913678, -6.7085533, 2.9831753, -2.2601264, -7.819463, -1.2497733, -5.4061074, -7.326257, 0.78050977, -5.9807158, -9.945514, 5.544971, -7.2352777, -9.332599, -2.9017725, 0.8523358, 3.0310593, 9.437943, 0.7230489, 2.4420857, 9.715671, 0.5793968, 3.2609026, 9.375694, 0.7278373, 3.1028855, 9.284714, -13.958196, 17.075447, -13.484144, -9.385271, -3.4284968, -13.153744, -26.743233, 29.554026, 11.856087, -10.817003, 13.838486, 0.37349546, -0.30645782, -12.6461735, -1.7190368, 3.5865142, 8.508993, 7.9870567, -11.137826, 18.08101, -5.9663506, -4.7788267, -12.933477, 1.5562311, -4.7788267, -12.933477, 1.5562311, -40.49553, 26.489449, -31.364042, 0.79487497, 9.797073, 8.963891, -14.561535, 18.521544, 6.244078, 3.0597897, 8.6813755, 2.5378537, -25.368961, 10.314221, -1.6376339, -6.646304, -5.521029, -1.5227122, -0.05267244, 5.0374002, 3.9073372, -0.8858546, 4.7309427, 8.437167, -0.7326257, 1.5753847, 10.429143, -1.6567876, 3.2704794, 8.944737, -0.15801731, 4.3287168, 9.308656, -0.14844051, 2.1404164, 9.509769, -0.08619126, 4.012682, 9.011775, -0.12928689, 3.9456444, 9.064447, 0.21547815, 3.8067808, 9.030929, 0.39743748, 3.5673606, 9.002198, -0.10534488, 2.920926, 9.892841, 0.22984336, 5.6120086, 8.288726, 0.15801731, 5.0421886, 8.408437, -0.062249243, 2.5617957, 9.548077, -0.30645782, 4.0078936, 6.9144545, 1.0869676, 1.8914193, 9.749189, 0.9576807, 1.9680338, 10.539276, 0.8523358, 3.0310593, 9.437943, 0.7230489, 2.4420857, 9.715671, 0.5793968, 3.2609026, 9.375694, 0.7278373, 3.1028855, 9.284714
 1.388637, -10.175357, 1.0342951, -7.97748, -9.203311, 0.14844051, -15.011644, -8.001422, -1.733402, -13.929465, -15.734694, 3.107674, -8.236053, -8.801085, 0.0047884034, -11.03727, -3.2800562, -1.5849615, -5.8226986, -8.6095495, -0.81402856, -1.5658079, -8.7532015, -3.7588966, -2.2409728, -6.066907, -1.5131354, -2.5330653, -7.872135, -0.6895301, -12.215217, -7.240066, -3.7205894, -4.4819455, -6.0764837, -1.532289, -4.5633483, -8.1402855, 1.4987702, -3.241749, -9.940725, 1.2449849, -6.373365, -5.305551, 2.743755, -3.5913026, -9.107543, -1.7142484, -6.0381765, -8.341399, 1.0055647, -4.9176903, -10.625467, 2.1547816, -11.003751, -11.362882, -3.763685, 0.7757214, 3.0789435, 9.394848, 0.79008657, 2.4037786, 9.77792, 0.60812724, 3.2848446, 9.433155, 0.5746084, 3.2992098, 9.040505, 0.17238252, 5.0421886, 2.2744915, -2.4372973, 8.001422, -2.1308396, -3.2992098, -8.585608, -3.8498764, 2.8538885, 4.0892963, 7.8290396, -40.768467, 25.426422, -21.777658, -13.503298, 35.879505, 13.9917145, -1.6998832, 1.7190368, 5.171476, -13.168109, -26.341007, -12.808979, -13.168109, -26.341007, -12.808979, 2.719813, 8.643068, 10.749966, -35.304897, 28.016949, -14.173674, 3.2848446, 2.1212628, 8.12592, -17.362751, 22.620419, -2.657564, 15.389929, -16.634912, -1.316811, 5.3007627, -9.241618, -1.412579, -6.7085533, 0.7422025, -0.4165911, -0.8523358, 4.7644615, 8.552089, -0.6560113, 2.3175871, 9.504981, -1.2354081, 3.2130187, 9.074024, -0.24899697, 4.3143516, 8.695741, 0.81881696, 1.1348516, 10.314221, 0.12928689, 4.0940847, 9.097966, -0.090979666, 4.0318356, 9.107543, 0.30166942, 3.8498764, 9.078813, 0.34476504, 3.6152446, 9.074024, -0.2681506, 3.0214825, 9.299079, 0.29209262, 5.497087, 8.030152, 0.20111294, 5.1906295, 8.279149, 0.16280572, 2.5474305, 9.572019, -0.07182605, 3.940856, 6.8282633, 0.82360536, 2.0685902, 9.696517, 1.0295067, 1.7238252, 10.764331, 0.7757214, 3.0789435, 9.394848, 0.79008657, 2.4037786, 9.77792, 0.60812724, 3.2848446, 9.433155, 0.5746084, 3.2992098, 9.040505
 -2.7868507, -6.540959, 2.6288335, -12.689269, -6.1530986, 0.8571242, -10.323798, -6.349423, -4.0653543, -12.344504, -13.627796, 1.5897499, -5.434838, -8.810662, -0.023942016, -7.1490865, -8.0684595, -3.7205894, -9.639056, -13.072341, -5.674258, -3.3375173, -9.255983, -4.1132383, -3.0262709, -5.583278, -1.6424223, -3.0262709, -9.552865, -2.6431987, -11.334151, -12.689269, -2.3702598, -6.703765, -6.909666, -0.39264908, -4.606444, -8.169016, -0.40222588, -5.2720323, -7.7332716, 1.6998832, -8.418014, -5.693412, 1.982399, 0.7230489, -8.015787, -0.5315128, -10.213664, -11.48738, 0.40222588, -6.9383965, -8.839393, 0.11492168, -11.841722, -10.419566, 0.47405192, 0.81881696, 3.0310593, 9.294291, 0.90500826, 2.4468741, 9.691729, 0.5602432, 3.2561142, 9.509769, 0.7278373, 2.9352913, 9.179369, -22.18946, 16.745047, 7.795521, -16.136919, 6.4547677, -11.473015, -48.49695, 25.507826, -11.343728, -11.745954, 2.030283, 7.0485296, 2.4947581, 6.9767036, 4.1515455, -1.3455414, -13.776237, -6.0381765, -15.859192, 8.571242, -0.59376204, -1.7477672, 10.515334, 7.675811, -1.7477672, 10.515334, 7.675811, -28.658594, 28.768728, -2.7964275, -1.4221559, -10.740389, -4.8506527, -1.7956513, 3.371036, -4.5872903, -4.237737, -7.843405, -1.7190368, -56.426544, 8.279149, -53.079453, -24.559721, 20.283676, -7.9391727, 4.4819455, -22.419304, -4.486734, -0.9768343, 4.7309427, 8.801085, -0.78529817, 3.1603463, 9.624691, -1.6950948, 3.3327289, 9.093178, 0.45968673, 3.9839516, 8.987833, 0.6607997, 1.5466543, 9.299079, 0.10534488, 4.10845, 8.916007, -0.05267244, 4.0701427, 9.150639, 0.29688102, 3.8833952, 8.887277, 0.49320555, 3.5194764, 8.959103, 0.16280572, 2.6623523, 9.792285, 0.34476504, 5.5401826, 8.034941, -0.07182605, 5.2002063, 8.1881695, -0.01436521, 2.6719291, 9.442732, -0.090979666, 3.8881836, 7.690176, 0.6991069, 2.2361844, 9.634268, 0.91458505, 1.6807296, 10.352529, 0.81881696, 3.0310593, 9.294291, 0.90500826, 2.4468741, 9.691729, 0.5602432, 3.2561142, 9.509769, 0.7278373, 2.9352913, 9.179369
 -3.289633, -9.495404, -5.3678, -16.74026, -7.517793, -2.7868507, -6.0285997, -7.776367, -4.7644615, -10.481815, -11.84651, 0.047884032, -3.0502129, -7.728483, -1.733402, -10.079589, -12.038046, 0.58897364, -11.592725, -14.954184, -0.16759412, -0.62728083, -6.4978633, -4.6112323, -3.620033, -6.7708025, -0.51714754, 1.340753, -9.260772, 0.10055647, -8.236053, -7.627927, 2.7341783, -6.4978633, -10.304645, -1.0869676, -4.7884035, -8.839393, -2.2218192, -6.9862804, -8.025364, -1.508347, -6.5505357, -7.824251, 2.8921957, -3.6248214, -8.015787, -1.436521, -10.500969, -7.4268136, 0.11492168, -9.136273, -7.8769236, 0.91458505, -8.7532015, -7.0485296, 0.91937345, 0.80924016, 3.0358477, 9.385271, 0.8283938, 2.504335, 9.639056, 0.5554548, 3.2273839, 9.504981, 0.79008657, 2.767697, 9.370906, -1.7286136, -9.481039, -9.758766, 1.8052281, -5.8322754, 2.6767175, 3.8833952, 7.005434, 7.0724716, -4.510676, -16.577452, -4.185065, -29.606699, 19.110518, 0.60812724, -40.859447, 30.454247, -5.9902925, 0.095768064, -1.1300632, 0.30166942, -22.749704, 27.241226, -5.995081, -22.749704, 27.241226, -5.995081, -0.12449849, -12.89517, -6.05733, -47.14662, 19.905394, -41.314346, 3.0214825, -9.212888, -1.4077905, -21.9261, 31.99611, -6.459556, -5.085284, 6.742072, 16.941372, 4.2185836, 3.2752678, 8.240842, -3.265691, 9.892841, -0.37349546, -0.8810662, 4.644751, 8.643068, -0.78050977, 3.9935284, 9.035717, -1.70946, 3.2465374, 9.356541, 0.23463176, 4.0653543, 8.992621, 0.5746084, 1.6328455, 9.763555, -0.16759412, 4.1180267, 8.848969, 0.090979666, 4.012682, 9.193734, 0.30166942, 3.7828386, 8.939949, 0.6655881, 3.490746, 8.959103, -0.2777274, 3.1842883, 9.3182335, 0.31603462, 5.4204726, 8.6095495, 0.12449849, 5.0900726, 8.51857, -0.24420857, 2.8443117, 9.409213, -0.24899697, 3.9264908, 8.058883, 0.7565677, 2.183512, 9.662998, 0.90500826, 1.7286136, 9.983821, 0.80924016, 3.0358477, 9.385271, 0.8283938, 2.504335, 9.639056, 0.5554548, 3.2273839, 9.504981, 0.79008657, 2.767697, 9.370906
 -6.694188, -9.864111, -0.79008657, -14.111424, -5.731719, -3.6008794, -10.429143, -9.232041, -2.2122424, -8.034941, -11.238382, 1.2689269, -1.3072342, -7.005434, -1.2114661, -10.754754, -12.741941, 2.7150247, -14.580688, -7.0964136, 2.4133554, -2.1452048, -6.373365, -4.5394063, -5.2241483, -9.346964, 0.22984336, -6.4404025, -7.2592196, -0.93373865, -7.0724716, -8.590396, 1.8004397, -8.935161, -7.3310456, 1.4796166, -5.6646814, -9.390059, -2.3511062, -7.8386164, -8.690952, -3.0071173, -5.6120086, -7.1395097, 3.371036, -9.102755, -10.85531, -4.31914, -8.121132, -4.8698063, 0.89543146, -8.815451, -9.452309, 1.0726024, -4.209007, -7.489063, -1.8722657, 0.80924016, 3.040636, 9.308656, 0.8331822, 2.6144683, 9.390059, 0.6560113, 3.2609026, 9.303867, 0.6799533, 3.1986535, 8.920795, -29.324183, 23.865402, -10.927136, -23.027431, -13.450625, -12.631808, -30.909143, 22.658726, 1.8674773, -24.607605, 15.064317, 13.22557, 4.7884035, -9.643845, -2.0015526, 0.9576807, 1.6472107, -6.191406, 1.6998832, 5.793968, 3.8738184, 6.0860605, -13.354857, -4.2760444, 6.0860605, -13.354857, -4.2760444, -43.952755, 27.332207, -41.256886, 3.0885203, 6.9000893, 8.034941, -8.130709, 25.416845, -2.4181437, 2.9161377, 3.715801, -4.5537715, -23.72175, -9.9790325, -15.011644, -23.587675, 27.08321, -9.935937, 2.3942018, 5.1571107, 0.6512229, -0.92895025, 4.596867, 8.552089, -0.24899697, 4.43885, 9.126697, -1.436521, 3.3183637, 9.150639, 0.05267244, 4.146757, 8.973468, -0.090979666, 2.4947581, 9.356541, -0.19153613, 4.213795, 8.973468, 0.2681506, 3.9360676, 9.23683, 0.24899697, 3.7253778, 9.107543, 0.4357447, 3.620033, 9.126697, -0.038307227, 3.0358477, 9.610326, 0.22505496, 5.463568, 8.461109, 0.01436521, 5.1762643, 8.528147, -0.44532153, 2.9161377, 9.720459, -0.61770403, 4.1276035, 7.560889, 0.6991069, 2.2361844, 9.667787, 0.9816227, 1.8579005, 9.720459, 0.80924016, 3.040636, 9.308656, 0.8331822, 2.6144683, 9.390059, 0.6560113, 3.2609026, 9.303867, 0.6799533, 3.1986535, 8.920795
 -7.920019, -12.066776, 0.29209262, -9.184157, -7.699753, -1.3694834, -12.957419, -9.792285, -0.9672575, -3.6822822, -9.466674, 0.5650316, -1.091756, -8.542512, -3.3997664, -8.379706, -11.075577, -0.0047884034, -9.074024, -5.4683566, -1.9728222, -6.71813, -6.3829417, -2.4708161, -9.715671, -11.128249, -0.866701, -7.9583263, -10.371682, -6.9144545, -4.3861775, -13.081918, -1.4987702, -7.771579, -7.589619, 1.340753, -7.345411, -9.548077, -4.0174704, -6.7612257, -9.3421755, 0.2777274, -6.8522053, -6.6989765, 3.9025488, -11.228806, -14.42746, -0.89064306, -5.3199162, -9.255983, 0.93373865, -6.2249246, -10.084377, 0.2633622, -4.027047, -7.651869, -1.5275006, 0.7182605, 3.1986535, 9.112331, 0.8379706, 2.4899697, 9.3182335, 0.6943185, 3.2321723, 9.121908, 0.93852705, 2.954445, 9.260772, -0.8810662, 3.6774938, 11.8896055, -4.572925, 9.011775, 1.2880806, -2.0685902, -8.580819, -5.0757074, 7.9487495, 3.2130187, 7.2065473, -15.418659, 19.814413, -6.895301, -21.499931, 21.997925, 6.50744, -6.3206925, -9.864111, -2.3175871, -11.60709, -0.93852705, -23.305159, -11.60709, -0.93852705, -23.305159, 5.0374002, 9.107543, 13.723564, -44.9248, 39.466022, -7.7667904, -0.31603462, 2.791639, 4.9559975, -8.595184, 18.076223, -4.3718123, 9.821015, -15.188815, -1.1061212, -5.8466406, -12.62702, -0.9672575, -1.364695, -3.514688, -4.185065, -0.81402856, 4.6255975, 8.542512, 0.770933, 4.7548847, 8.058883, -1.2354081, 3.4237084, 9.270349, 0.33039984, 4.1419687, 8.796297, 0.02873042, 2.8538885, 9.44752, -0.14844051, 4.036624, 9.179369, 0.23942018, 3.8259344, 9.169792, 0.22984336, 3.739743, 9.490616, 0.30166942, 3.691859, 9.346964, 0.20111294, 2.7868507, 9.088389, 0.320823, 5.3965306, 7.7667904, 0.34476504, 4.9320555, 8.561666, -0.41180268, 2.825158, 9.9550905, -1.1300632, 4.5537715, 7.9152308, 0.7613561, 2.2218192, 9.672575, 0.9624691, 1.8626889, 9.859323, 0.7182605, 3.1986535, 9.112331, 0.8379706, 2.4899697, 9.3182335, 0.6943185, 3.2321723, 9.121908, 0.93852705, 2.954445, 9.260772
 -11.712435, -13.297397, -1.5131354, -8.1402855, -14.915876, -1.7286136, -9.476251, -5.6790466, -0.93852705, -1.5610195, -7.5561004, -0.01436521, 0.6655881, -10.582372, -0.5506664, -6.9623384, -10.228029, 0.7661445, -3.8881836, -7.747637, -6.0621185, -10.817003, -8.513782, 3.1842883, -13.809755, -11.463438, -1.4508862, -7.4507556, -14.901511, -0.12449849, -8.767567, -10.515334, 2.2840683, -5.559336, -8.159439, 0.7326257, -6.157887, -8.240842, -2.255338, -6.6175733, -8.6334915, 0.9576807, -7.216124, -6.7324953, 5.0134583, -13.062764, -8.863335, 1.4077905, -5.985504, -12.081141, 2.1308396, -3.86903, -10.989386, -2.6048915, -4.76925, -8.513782, 1.1013328, 0.6607997, 3.217807, 8.896853, 0.92895025, 2.4181437, 9.399636, 0.6991069, 3.1794999, 9.198523, 0.81402856, 2.944868, 9.289502, -10.371682, 0.47405192, -2.006341, -25.58444, 14.829685, -12.512098, -45.26478, 33.461365, -12.339716, -17.147272, 10.644621, 10.898406, -0.02873042, 6.766014, 4.3718123, -1.364695, -14.116213, -3.6774938, -12.052411, 10.031705, -32.06315, -9.14585, 15.988479, 2.2409728, -9.14585, 15.988479, 2.2409728, -21.179108, 10.228029, -16.596605, -0.7374141, -13.809755, -2.8778305, -9.44752, 14.408306, -10.419566, -1.1587936, -6.71813, -4.060566, -26.326641, 18.612524, -22.127213, -42.209778, 17.717093, -56.23022, 0.51235914, -12.952631, -3.5529952, -0.79487497, 4.654328, 8.552089, 1.3311762, 4.2042184, 9.212888, -0.8475474, 3.6487634, 9.059659, 0.46926352, 4.2185836, 8.360553, 0.11492168, 4.132392, 8.240842, 0.0, 4.003105, 9.255983, 0.30645782, 3.691859, 8.973468, 0.33997664, 3.8019924, 9.32781, 0.23942018, 3.7110126, 9.26556, 0.45010993, 2.542642, 9.56723, 0.10055647, 5.5018754, 8.202535, 0.0, 5.1762643, 8.6095495, -0.33039984, 2.8060043, 9.878476, -1.1540052, 4.6686935, 8.422802, 0.7134721, 2.2888567, 9.619903, 0.8810662, 1.910573, 9.763555, 0.6607997, 3.217807, 8.896853, 0.92895025, 2.4181437, 9.399636, 0.6991069, 3.1794999, 9.198523, 0.81402856, 2.944868, 9.289502
 -15.011644, -8.001422, -1.733402, -13.929465, -15.734694, 3.107674, -7.2304893, -11.319786, -0.18195933, -0.91458505, -5.626374, -0.2681506, -5.0374002, -10.79785, 1.0726024, -4.5154643, -9.241618, 0.1340753, -3.7014358, -9.844957, -0.7230489, -8.039729, -6.244078, 4.807557, -16.649279, -8.619126, -2.0446482, -9.279925, -12.689269, 3.6822822, -7.6375036, -7.848193, 3.4715924, -4.4819455, -8.145074, 0.7517793, -4.951209, -8.173804, -0.8619126, -6.1530986, -8.178593, -1.2785037, -7.1155677, -5.57849, 2.6192567, -8.662222, -6.9767036, -1.8387469, -10.998962, -9.126697, 2.2170308, -0.7517793, -8.662222, -2.5761611, -7.3310456, -8.686164, 2.1930888, 0.60812724, 3.3327289, 8.983045, 0.89064306, 2.3463178, 9.452309, 0.6703765, 3.098097, 9.165004, 0.7422025, 3.193865, 9.332599, 4.122815, -0.6368576, -11.84651, 0.45489833, -6.3206925, -0.81881696, 0.47405192, 6.277597, 0.49799395, 5.631162, -15.442601, -1.8052281, -10.563218, 2.0494366, -9.313444, -45.3797, 23.922863, -21.222204, -1.9680338, 8.485051, 5.48751, -28.122293, 29.803022, -12.253524, -28.122293, 29.803022, -12.253524, 2.4660277, -8.959103, -7.5321584, -43.885715, 27.65303, -25.359385, -2.3175871, -6.445191, -3.4811692, -25.028984, 25.713726, -14.5328045, -11.161768, 7.752425, 3.8019924, 1.0247183, 5.48751, 9.466674, -8.643068, 8.504205, 3.0023289, -1.2401965, 4.5394063, 8.954314, 2.3127987, 4.098873, 8.552089, -0.36870706, 3.9456444, 8.6813755, -0.40222588, 4.271256, 9.102755, 0.2825158, 4.1180267, 8.959103, 0.095768064, 4.036624, 9.251195, 0.46926352, 3.7588966, 9.016563, 0.2873042, 3.715801, 9.260772, 0.18195933, 3.7972038, 9.131485, 0.9528923, 1.9488802, 9.093178, 0.33997664, 5.439626, 8.403648, 0.14844051, 5.0421886, 8.51857, -0.4213795, 2.8921957, 9.533711, -1.1109096, 4.5537715, 8.552089, 0.6512229, 2.4133554, 9.428367, 0.79487497, 1.9440918, 9.667787, 0.60812724, 3.3327289, 8.983045, 0.89064306, 2.3463178, 9.452309, 0.6703765, 3.098097, 9.165004, 0.7422025, 3.193865, 9.332599
 -10.323798, -6.349423, -4.0653543, -12.344504, -13.627796, 1.5897499, -9.289502, -13.666103, 2.4660277, 0.5650316, -7.8386164, -2.2409728, -12.354081, -14.053964, -5.995081, -2.6623523, -8.025364, -1.3263878, -6.1626754, -8.504205, 2.9592333, -4.6495395, -3.4237084, 7.240066, -8.738836, -5.4300494, -2.9831753, -7.5321584, -12.751518, -6.612785, -7.5848308, -7.560889, 4.19943, -3.2752678, -8.360553, 0.21547815, -4.295198, -7.551312, -0.7278373, -6.469133, -7.809886, -1.3742718, -5.66947, -5.0517654, 3.7445314, -5.1475334, -9.02614, -1.8626889, -8.51857, -9.246407, -0.5315128, -2.1930888, -7.015011, -4.927267, -11.3964, -9.931149, 0.10055647, 0.47884035, 3.2752678, 9.217676, 0.866701, 2.3175871, 9.552865, 0.6991069, 3.0693667, 9.093178, 0.78050977, 3.064578, 9.868899, -5.482722, 10.635044, 6.5457473, -20.671537, -13.613431, -12.162544, -20.87265, 22.409727, 6.3589997, -9.002198, 16.79293, 7.6135616, 1.2497733, -11.147403, -2.0111294, 3.6727054, 4.7261543, 0.9816227, -25.000254, 6.540959, -17.57344, -13.843274, -18.794483, -4.0797195, -13.843274, -18.794483, -4.0797195, -30.281862, 25.608381, -22.816742, 0.91458505, 5.3342814, 3.2992098, -24.210167, 27.11194, -12.727576, -2.111686, 4.9224787, 1.3934253, -16.534357, -1.1204864, -13.876793, -5.0134583, 18.885464, -11.827356, 1.6136919, 3.2752678, 3.5817258, -1.2018893, 4.453215, 9.255983, 1.5753847, 4.156334, 9.624691, -0.320823, 4.036624, 9.14585, -0.08619126, 4.1276035, 9.078813, 0.4309563, 3.9743748, 8.983045, -0.0047884034, 4.0557775, 9.121908, 0.5554548, 3.6727054, 9.069236, 0.24420857, 3.8307228, 9.227253, 0.11971009, 3.821146, 9.107543, 0.6703765, 2.2170308, 9.706094, 0.6560113, 5.2002063, 8.317456, 0.23463176, 4.9416323, 8.207323, -0.39743748, 3.0262709, 9.083601, -1.1300632, 4.548983, 8.882488, 0.5506664, 2.432509, 9.495404, 0.7469909, 1.9249382, 9.624691, 0.47884035, 3.2752678, 9.217676, 0.866701, 2.3175871, 9.552865, 0.6991069, 3.0693667, 9.093178, 0.78050977, 3.064578, 9.868899
 -6.0285997, -7.776367, -4.7644615, -10.481815, -11.84651, 0.047884032, -8.628703, -10.553641, 0.2633622, -1.0295067, -10.0508585, 0.9672575, -14.647726, -14.757859, -3.1172507, -3.667917, -8.78672, -1.5514427, -11.013328, -8.37013, 0.31124622, -3.6248214, -2.9257145, 7.627927, -7.699753, -3.4476504, -3.6487634, -11.870452, -12.990938, -7.1969705, -5.521029, -8.020576, 2.0638018, -5.0613422, -9.888053, -2.15957, -5.5976434, -7.881712, -0.56982, -7.479486, -7.101202, -1.4077905, -4.793192, -4.462792, 2.6384103, -3.41892, -10.146626, -0.7134721, -7.28795, -10.146626, 0.07182605, -2.8443117, -10.0029745, -3.6248214, -9.797073, -8.75799, -2.054225, 0.5410896, 3.169923, 9.308656, 1.0007763, 2.3942018, 9.615114, 0.7757214, 3.064578, 9.126697, 0.842759, 3.2513258, 9.3661175, -5.616797, 1.4413095, 3.265691, -6.6750345, 9.782708, 2.777274, -1.1204864, -4.036624, -4.0078936, -1.982399, 9.830592, 9.437943, -0.59376204, 12.876017, -0.33039984, -41.237732, 21.887793, 15.217546, 5.3965306, -13.623008, -5.66947, -34.90267, -14.887146, -25.177425, -34.90267, -14.887146, -25.177425, 1.2545617, 6.291962, 7.335834, -41.046192, 41.8698, -1.6903064, 0.4213795, 7.1347213, 2.791639, -17.00841, 28.90759, -4.343082, 8.939949, -10.481815, -4.1946416, -0.31603462, -1.5849615, -2.6431987, -0.15801731, -6.8522053, 0.019153614, -0.51235914, 4.5872903, 8.135497, 0.90979666, 4.098873, 9.26556, -0.4357447, 4.1276035, 8.844181, 0.32561144, 4.0940847, 8.853758, 0.37828386, 3.86903, 8.983045, -0.2873042, 4.1515455, 9.054871, 0.59376204, 3.596091, 8.935161, 0.22505496, 3.8642416, 9.050082, 0.24420857, 3.7684734, 9.169792, 0.40701428, 2.1739352, 9.80665, -0.20111294, 5.535394, 8.264784, 0.47884035, 4.2904096, 9.054871, -0.2777274, 2.954445, 8.954314, -1.1875241, 4.525041, 9.188946, 0.48362875, 2.3750482, 9.667787, 0.51235914, 2.1547816, 9.495404, 0.5410896, 3.169923, 9.308656, 1.0007763, 2.3942018, 9.615114, 0.7757214, 3.064578, 9.126697, 0.842759, 3.2513258, 9.3661175
 -10.429143, -9.232041, -2.2122424, -8.034941, -11.238382, 1.2689269, -8.714894, -8.307879, 0.9576807, -6.9000893, -12.603078, -2.0638018, -14.264654, -6.631939, 2.2888567, 0.076614454, -9.255983, -0.61770403, -11.947066, -6.315904, -3.1555579, -2.135628, -4.620809, 8.312668, -12.5504055, -6.612785, -6.05733, -10.405201, -10.232818, -17.137695, -4.865018, -8.623915, 1.4748282, -2.4995465, -11.559206, -1.0342951, -5.645528, -9.227253, 1.3072342, -7.85777, -7.6375036, -1.8626889, -5.209783, -4.6351743, 4.721366, -7.369353, -9.232041, 2.207454, -7.201759, -9.734824, 0.10534488, -4.2521024, -12.641385, -1.8770541, -6.6654577, -4.596867, -0.7565677, 0.7422025, 3.0885203, 9.270349, 0.8762778, 2.3942018, 9.801862, 0.7086837, 3.1028855, 9.41879, 0.8619126, 2.954445, 9.485827, 2.4899697, -4.1371803, -1.0390835, -23.24291, 18.23424, -8.944737, -25.9723, 16.424223, -3.3183637, -3.265691, -5.195418, -1.5131354, -1.8818425, 6.0525417, -6.315904, 4.6782703, -12.89517, -6.105214, -51.33647, 16.213533, -29.372066, -4.8362875, 15.227123, -1.3551182, -4.8362875, 15.227123, -1.3551182, -16.927006, 13.608643, -4.817134, -3.6104562, -14.4849205, -2.6479871, -16.141708, 30.22919, -3.2225955, -3.3375173, -10.903194, -5.7508726, -30.358477, 27.514166, -18.100164, 4.817134, -17.310078, 7.785944, -1.8579005, -13.512875, -7.249643, -1.0582372, 4.721366, 8.676587, 0.82360536, 4.213795, 8.542512, -0.21068975, 4.0701427, 8.772355, 0.0, 4.2042184, 8.863335, 0.29209262, 3.9312792, 8.848969, -0.24420857, 4.146757, 8.959103, 0.47884035, 3.6296098, 8.954314, 0.20590134, 3.8594532, 9.14585, 0.11492168, 3.787627, 9.141062, 0.40701428, 2.3415294, 9.586384, 0.05267244, 5.401319, 8.461109, 0.5363012, 4.4723687, 8.7771435, -0.19632454, 2.767697, 9.323022, -1.1109096, 4.429273, 9.011775, 0.46447513, 2.4756045, 9.591172, 0.51235914, 2.207454, 9.260772, 0.7422025, 3.0885203, 9.270349, 0.8762778, 2.3942018, 9.801862, 0.7086837, 3.1028855, 9.41879, 0.8619126, 2.954445, 9.485827
 -12.957419, -9.792285, -0.9672575, -3.6822822, -9.466674, 0.5650316, -6.6175733, -8.983045, 0.41180268, -11.343728, -18.066647, -2.8491, -7.038953, -7.8769236, -2.8778305, -3.8307228, -6.7803793, -1.1779473, -7.656657, -4.429273, -2.3415294, -1.3072342, -4.879383, 8.331821, -13.048399, -8.470686, -0.8379706, -10.898406, -8.676587, -8.561666, -2.5617957, -8.954314, -0.6895301, -6.3589997, -8.00621, 1.3982137, -7.7189064, -8.7771435, 2.6719291, -8.939949, -10.6398325, -0.9576807, -7.1634517, -5.813122, 4.6591167, -15.121778, -9.730036, 3.739743, -4.232949, -10.472239, -0.8475474, -8.054094, -12.152967, -1.6567876, -7.053318, -8.973468, -3.0119057, 0.8523358, 3.0214825, 9.370906, 0.78050977, 2.4229321, 9.811439, 0.6991069, 3.064578, 9.495404, 0.34955344, 3.6487634, 8.647857, -10.601525, 5.1140146, -8.173804, 1.4939818, -9.797073, -0.33997664, 1.4173675, 5.4204726, 3.4811692, -4.5777135, -9.801862, -9.270349, -9.892841, 8.494628, 0.04309563, -27.911604, 17.568651, 6.019023, 3.217807, 11.180922, 8.240842, -38.417362, 28.376078, -17.142485, -38.417362, 28.376078, -17.142485, 2.657564, -12.603078, -5.3821654, -52.729897, 27.475859, -36.22427, -5.267244, -10.43872, -1.115698, -15.9022875, 11.535264, -12.852075, 2.8538885, 6.2105594, 1.9009962, -18.631678, 15.495274, -0.40701428, -3.4093432, 10.328587, 3.5098996, -0.8283938, 4.4819455, 8.939949, 0.49320555, 4.1180267, 9.169792, -0.49799395, 4.213795, 8.796297, 0.4309563, 4.012682, 8.461109, 0.272939, 3.8019924, 9.23683, -0.08619126, 4.0797195, 8.939949, 0.272939, 3.7588966, 9.121908, 0.24420857, 3.763685, 9.136273, 0.0, 3.8259344, 9.078813, 0.2825158, 2.4708161, 9.519346, 0.5363012, 5.2002063, 8.365341, 0.41180268, 4.453215, 8.796297, -0.2633622, 2.5570073, 9.466674, -1.0199299, 4.2185836, 9.088389, 0.4261679, 2.777274, 9.179369, 0.50278234, 2.1739352, 9.44752, 0.8523358, 3.0214825, 9.370906, 0.78050977, 2.4229321, 9.811439, 0.6991069, 3.064578, 9.495404, 0.34955344, 3.6487634, 8.647857
 -9.476251, -5.6790466, -0.93852705, -1.5610195, -7.5561004, -0.01436521, -4.606444, -8.614338, 0.7757214, -20.57098, -19.000385, 2.6431987, -4.4005427, -8.537724, -3.4045548, -6.6654577, -8.686164, -3.2609026, -9.715671, -9.074024, -5.12838, -1.3024458, -5.2002063, 8.738836, -7.2592196, -10.534488, -1.3694834, -11.932701, -20.417751, 2.1212628, -4.3622355, -8.63828, 1.3742718, -8.307879, -6.943185, -3.0885203, -8.719683, -8.0684595, 0.22026655, -9.519346, -9.399636, 0.89064306, -7.752425, -8.274361, 4.146757, -16.917429, -4.4675803, 2.6623523, -6.6271505, -10.754754, -2.825158, -9.615114, -9.610326, -2.8443117, -5.056554, -12.263102, -3.5194764, 0.8858546, 2.954445, 9.246407, 0.79966336, 2.60968, 9.509769, 0.7038953, 3.0310593, 9.572019, 0.521936, 2.6910827, 9.787497, -4.6255975, 8.480263, 2.992752, -43.090843, 6.14831, -26.101587, -23.66429, 19.656397, -4.0892963, -32.039207, 14.968549, -8.595184, 6.943185, -6.05733, -6.26802, -0.5650316, 3.6870706, 9.749189, -1.1731589, 26.144682, -10.070012, -8.571242, -14.178462, -3.4572272, -8.571242, -14.178462, -3.4572272, -12.435484, 23.18545, -1.3215994, 3.1603463, 3.0933087, 2.408567, -20.417751, 26.997019, -11.353305, -2.0254946, 10.151415, 4.984728, -38.546646, 25.28277, -1.1444284, 1.0247183, 3.0502129, 7.503428, -8.470686, 20.278889, 2.9161377, -0.8619126, 4.6495395, 8.552089, 0.34476504, 4.2281604, 8.743625, -0.009576807, 4.4484267, 8.379706, 0.21068975, 3.9025488, 8.8777, 0.38307226, 3.9360676, 9.251195, -0.110133275, 4.1036615, 9.064447, 0.0047884034, 3.8642416, 9.332599, 0.36870706, 3.7541082, 8.939949, -0.01436521, 3.8163576, 9.102755, 0.25857377, 2.6192567, 9.514558, 0.25378537, 5.33907, 8.432379, 0.45010993, 4.7022123, 8.552089, -0.1436521, 2.6240451, 9.414001, -0.8379706, 3.9217024, 9.198523, 0.320823, 3.0023289, 8.930372, 0.5554548, 2.1404164, 9.65821, 0.8858546, 2.954445, 9.246407, 0.79966336, 2.60968, 9.509769, 0.7038953, 3.0310593, 9.572019, 0.521936, 2.6910827, 9.787497
 -7.2304893, -11.319786, -0.18195933, -0.91458505, -5.626374, -0.2681506, -2.552219, -8.0684595, 0.17238252, -17.568651, -3.6966474, -2.504335, -5.267244, -9.279925, 0.59376204, -9.572019, -12.258312, -1.2258313, -9.11712, -13.680469, -3.1028855, 0.5554548, -4.003105, 7.019799, -5.5497594, -9.222465, 0.11492168, -22.146366, -8.829816, 6.612785, -4.4101195, -11.563994, -3.5482068, -8.571242, -8.00621, -2.8778305, -8.355764, -6.847417, -1.5849615, -7.795521, -7.7907324, 3.0071173, -8.058883, -6.3063273, 5.985504, -9.241618, -5.9184666, -0.31603462, 0.62249243, -8.719683, 0.56982, -8.815451, -7.3310456, -3.5673606, -4.3766007, -12.129025, -0.22505496, 0.91458505, 2.873042, 8.930372, 0.81402856, 2.7102363, 9.351752, 0.6368576, 3.0119057, 9.667787, 0.90021986, 2.7964275, 9.715671, -11.267113, 9.452309, 6.181829, -0.1388637, 7.776367, 6.349423, 3.3279405, 4.9416323, 0.7086837, 7.062895, 3.1747115, 6.603208, -7.800309, 5.0613422, 20.858286, -15.2367, 4.2664676, 6.6893997, -0.7134721, -10.55843, 1.316811, -44.249638, 10.113108, -42.051758, -44.249638, 10.113108, -42.051758, 1.3263878, 3.7588966, 6.445191, -15.318103, 15.413871, -4.223372, 4.185065, 5.961562, 4.213795, -7.9391727, 18.574217, 2.2026656, 8.815451, -13.623008, -1.5801731, -19.04827, 8.552089, -0.5506664, -2.1068976, -10.802638, -7.053318, -1.0055647, 4.817134, 8.283937, 0.2681506, 4.209007, 8.614338, -0.02873042, 4.548983, 8.75799, 0.40701428, 3.9312792, 9.069236, 0.08140286, 3.8738184, 9.303867, -0.023942016, 4.132392, 8.863335, 0.04309563, 3.8355112, 9.184157, 0.40701428, 3.8019924, 8.820239, 0.15322891, 3.7588966, 9.11712, 0.10534488, 2.6144683, 9.65821, -0.47405192, 6.0860605, 8.643068, 0.61291564, 4.5298295, 8.614338, -0.04309563, 2.657564, 9.500193, -0.4309563, 3.6631286, 9.26556, 0.1388637, 2.9831753, 9.069236, 0.63206923, 2.15957, 9.935937, 0.91458505, 2.873042, 8.930372, 0.81402856, 2.7102363, 9.351752, 0.6368576, 3.0119057, 9.667787, 0.90021986, 2.7964275, 9.715671
 -9.289502, -13.666103, 2.4660277, 0.5650316, -7.8386164, -2.2409728, -2.0254946, -9.433155, -1.910573, -5.5258174, -9.260772, -5.1571107, -5.185841, -8.748413, 4.3766007, -11.066, -10.204087, 1.5514427, -9.260772, -10.16578, -1.6807296, -2.9735985, -3.8594532, 8.485051, -5.884948, -7.603985, -1.115698, -17.128119, -9.739613, 5.899313, -4.620809, -10.371682, -2.552219, -7.2304893, -8.652645, 1.7190368, -6.3302693, -7.5082164, -2.681506, -6.775591, -7.302315, 2.5330653, -4.759673, -3.9743748, 5.731719, -8.111555, -10.084377, -3.0454245, -1.0055647, -6.0046577, -0.45968673, -6.789956, -7.881712, -3.2752678, 1.1971009, -11.267113, -0.0047884034, 1.0055647, 2.743755, 8.896853, 0.7757214, 2.5378537, 9.552865, 0.61770403, 3.1364043, 9.653421, 0.6368576, 3.3279405, 8.7532015, 0.49799395, -6.5026517, 1.0247183, -23.070528, 2.2457612, -9.26556, -3.41892, -6.991069, -0.47884035, -30.851683, 32.54199, 2.4708161, -0.641646, -2.3415294, 4.4196963, 5.5641246, -10.817003, 0.05267244, -1.2162545, -10.869676, -9.112331, -5.2002063, 10.936713, 4.927267, -5.2002063, 10.936713, 4.927267, -30.612263, 22.625206, -9.576807, 2.9017725, -14.250289, 1.115698, -7.8912888, 29.09434, -13.239936, -2.719813, -2.5905263, -6.646304, -42.88494, 30.272285, -9.375694, 10.802638, -21.5957, -3.3806129, -16.620548, -9.313444, -21.155167, -0.7182605, 4.6399627, 8.7053175, 0.076614454, 4.060566, 9.370906, -0.25857377, 4.548983, 8.734048, 0.46926352, 3.9456444, 8.992621, 0.48362875, 3.7780502, 8.6574335, -0.05746084, 4.1659107, 8.748413, 0.16280572, 3.9121256, 8.930372, 0.4261679, 3.6727054, 8.805874, 0.12928689, 3.7924154, 9.150639, 0.15322891, 2.6719291, 9.667787, 0.18674773, 5.1666875, 8.09719, 0.545878, 4.462792, 9.428367, -0.033518825, 2.633622, 9.763555, -0.2873042, 3.6487634, 9.246407, 0.10534488, 2.791639, 9.232041, 0.45489833, 2.2361844, 9.964667, 1.0055647, 2.743755, 8.896853, 0.7757214, 2.5378537, 9.552865, 0.61770403, 3.1364043, 9.653421, 0.6368576, 3.3279405, 8.7532015
